{"stats":{"minecraft:killed":{"alexscaves:brainiac":1},"minecraft:custom":{"minecraft:time_since_rest":33360,"minecraft:damage_taken":255,"minecraft:sprint_one_cm":62881,"minecraft:walk_one_cm":35138,"minecraft:mob_kills":4,"minecraft:drop":1,"minecraft:damage_dealt":1390,"minecraft:swim_one_cm":951,"minecraft:fly_one_cm":147821,"minecraft:crouch_one_cm":443,"minecraft:play_time":36920,"tombstone:undead_killed":1,"minecraft:deaths":1,"minecraft:sneak_time":106,"minecraft:walk_under_water_one_cm":820,"minecraft:jump":265,"minecraft:leave_game":1,"minecraft:walk_on_water_one_cm":1082,"minecraft:time_since_death":35759,"minecraft:total_world_time":36920,"minecraft:fall_one_cm":2833},"minecraft:used":{"alexscaves:green_soylent":1,"minecraft:water_bucket":2,"twilightforest:hydra_spawn_egg":1,"alexscaves:spawn_egg_brainiac":1,"minecraft:flint_and_steel":1,"alexscaves:spawn_egg_tremorzilla":1,"iceandfire:dragonbone_sword_fire":11,"alexscaves:spawn_egg_mine_guardian":1,"minecraft:grass_block":2,"alexscaves:spawn_egg_relicheirus":1,"treasure2:spider_chest":1,"minecraft:poppy":13,"treasure2:bound_soul_egg":1,"iceandfire:dragonbone_sword_ice":4,"alexscaves:spawn_egg_subterranodon":1,"twilightforest:blockchain_goblin_spawn_egg":1,"alexscaves:spawn_egg_raycat":1,"alexscaves:spawn_egg_radgill":2,"alexscaves:spawn_egg_tripodfish":1,"treasure2:viking_chest_mimic_egg":1,"iceandfire:dragonbone_sword_lightning":15,"alexscaves:nuclear_bomb":1,"alexscaves:spawn_egg_nucleeper":1,"minecraft:egg":1,"iceandfire:dragonegg_red":1,"iceandfire:spawn_egg_fire_dragon":1,"minecraft:husk_spawn_egg":1},"minecraft:picked_up":{"minecraft:stripped_oak_log":1,"minecraft:coarse_dirt":1,"alexscaves:radgill":1,"minecraft:andesite":11,"minecraft:flint":1,"minecraft:gravel":7,"minecraft:sand":2,"usefulbackpacks:backpack_medium":1,"minecraft:spruce_sapling":5,"minecraft:diorite":7,"minecraft:spruce_log":6,"alexscaves:charred_remnant":1,"alexscaves:tripodfish":1,"minecraft:lapis_lazuli":6,"usefulbackpacks:backpack_large":1,"minecraft:dirt":31,"iceandfire:dragonegg_red":1,"minecraft:rotten_flesh":5,"minecraft:wheat_seeds":4,"usefulbackpacks:backpack_small":1,"alexscaves:depth_charge":1,"minecraft:granite":2,"alexscaves:green_soylent":1,"treasure2:spider_chest":1,"minecraft:cobblestone":145,"minecraft:egg":1},"minecraft:dropped":{"minecraft:diamond":1}},"DataVersion":3465}