{"stats":{"minecraft:mined":{"iceandfire:silver_ore":3,"minecraft:iron_ore":3,"minecraft:crafting_table":1,"minecraft:grass":3,"minecraft:grass_block":3,"minecraft:oak_log":84,"minecraft:coal_ore":54,"minecraft:copper_ore":18,"minecraft:stone":24},"minecraft:dropped":{"iceandfire:armor_copper_metal_boots":1,"iceandfire:armor_copper_metal_helmet":1,"iceandfire:armor_copper_metal_leggings":1},"minecraft:killed":{"minecraft:pig":2,"alexsmobs:bison":4,"minecraft:creeper":1},"minecraft:crafted":{"minecraft:oak_planks":10,"minecraft:crafting_table":1,"minecraft:stick":4,"minecraft:stone_pickaxe":1,"minecraft:wooden_axe":1,"iceandfire:armor_copper_metal_leggings":2,"minecraft:copper_ingot":34,"minecraft:torch":4,"minecraft:stone_axe":1,"iceandfire:armor_copper_metal_helmet":2,"minecraft:air":0,"iceandfire:armor_copper_metal_boots":2},"minecraft:broken":{"minecraft:wooden_axe":1},"minecraft:used":{"minecraft:wooden_axe":66,"minecraft:apple":3,"minecraft:stone_pickaxe":102,"spartanshields:copper_tower_shield":16,"minecraft:stone_axe":43,"iceandfire:armor_copper_metal_boots":1,"minecraft:dirt":2,"minecraft:crafting_table":1,"iceandfire:armor_copper_metal_helmet":1,"minecraft:cooked_porkchop":2,"cgm:rifle":1},"minecraft:picked_up":{"minecraft:crafting_table":1,"minecraft:stick":37,"minecraft:raw_iron":3,"minecraft:cooked_porkchop":2,"iceandfire:armor_copper_metal_chestplate":1,"iceandfire:silver_ore":3,"alexsmobs:bison_fur":3,"minecraft:porkchop":4,"minecraft:oak_log":84,"minecraft:gunpowder":1,"minecraft:dirt":3,"minecraft:raw_copper":59,"minecraft:apple":3,"minecraft:wheat_seeds":1,"spartanshields:copper_tower_shield":1,"minecraft:beef":36,"minecraft:oak_sapling":40,"minecraft:coal":56,"minecraft:cobblestone":36},"minecraft:custom":{"minecraft:time_since_rest":27220,"minecraft:interact_with_furnace":23,"minecraft:sprint_one_cm":37748,"minecraft:damage_taken":321,"minecraft:walk_one_cm":65380,"minecraft:damage_blocked_by_shield":240,"minecraft:mob_kills":8,"minecraft:drop":3,"minecraft:damage_dealt":1645,"minecraft:interact_with_crafting_table":13,"minecraft:fly_one_cm":40992,"minecraft:crouch_one_cm":2586,"minecraft:play_time":27220,"minecraft:sneak_time":1333,"minecraft:jump":428,"minecraft:leave_game":1,"minecraft:time_since_death":27220,"minecraft:walk_on_water_one_cm":4793,"minecraft:total_world_time":27220,"minecraft:fall_one_cm":7989}},"DataVersion":3120}