{"stats":{"minecraft:crafted":{"minecraft:cooked_beef":21,"minecraft:oak_planks":10,"iceandfire:copper_axe":1,"minecraft:crafting_table":1,"minecraft:stick":4,"minecraft:stone_pickaxe":1,"minecraft:wooden_axe":1,"iceandfire:armor_copper_metal_leggings":2,"minecraft:copper_ingot":34,"minecraft:torch":4,"minecraft:stone_axe":1,"iceandfire:armor_copper_metal_helmet":2,"minecraft:air":0,"iceandfire:armor_copper_metal_boots":2},"minecraft:killed":{"minecraft:pig":2,"minecraft:spider":1,"alexsmobs:bison":4,"minecraft:creeper":2},"minecraft:picked_up":{"minecraft:crafting_table":1,"minecraft:stick":37,"minecraft:raw_iron":3,"minecraft:feather":2,"minecraft:cooked_porkchop":2,"iceandfire:armor_copper_metal_chestplate":1,"iceandfire:silver_ore":3,"alexsmobs:bison_fur":3,"minecraft:porkchop":4,"minecraft:oak_log":84,"minecraft:gunpowder":3,"minecraft:string":1,"minecraft:dirt":18,"minecraft:raw_copper":59,"minecraft:bone":1,"minecraft:apple":3,"minecraft:wheat_seeds":1,"spartanshields:copper_tower_shield":1,"minecraft:beef":36,"minecraft:oak_sapling":40,"minecraft:coal":56,"minecraft:cobblestone":37},"minecraft:used":{"minecraft:wooden_axe":66,"minecraft:apple":3,"minecraft:stone_pickaxe":103,"iceandfire:copper_axe":6,"spartanshields:copper_tower_shield":16,"minecraft:stone_axe":44,"iceandfire:armor_copper_metal_boots":1,"minecraft:dirt":18,"minecraft:cobblestone":1,"minecraft:crafting_table":1,"iceandfire:armor_copper_metal_helmet":1,"minecraft:cooked_porkchop":2,"cgm:rifle":1,"minecraft:cooked_beef":5},"minecraft:broken":{"minecraft:wooden_axe":1},"minecraft:mined":{"iceandfire:silver_ore":3,"minecraft:iron_ore":3,"minecraft:crafting_table":1,"minecraft:grass":5,"minecraft:grass_block":3,"minecraft:oak_log":84,"minecraft:coal_ore":54,"minecraft:copper_ore":18,"minecraft:cobblestone":1,"minecraft:stone":24},"minecraft:dropped":{"minecraft:cooked_beef":1,"iceandfire:armor_copper_metal_boots":1,"iceandfire:armor_copper_metal_helmet":1,"iceandfire:armor_copper_metal_leggings":1},"minecraft:custom":{"minecraft:time_since_rest":37202,"minecraft:interact_with_furnace":38,"minecraft:sprint_one_cm":53849,"minecraft:damage_taken":565,"minecraft:walk_one_cm":79498,"minecraft:damage_blocked_by_shield":240,"minecraft:mob_kills":10,"minecraft:drop":4,"minecraft:damage_dealt":2075,"minecraft:interact_with_crafting_table":17,"minecraft:fly_one_cm":71101,"minecraft:open_chest":16,"minecraft:crouch_one_cm":3707,"minecraft:play_time":37202,"minecraft:sneak_time":1580,"minecraft:jump":566,"minecraft:leave_game":2,"minecraft:time_since_death":37202,"minecraft:walk_on_water_one_cm":4793,"minecraft:total_world_time":37202,"minecraft:fall_one_cm":11685}},"DataVersion":3120}