{"stats":{"minecraft:crafted":{"minecraft:cooked_beef":21,"minecraft:oak_planks":10,"minecraft:crafting_table":1,"iceandfire:armor_copper_metal_leggings":2,"minecraft:copper_ingot":34,"minecraft:stone_axe":1,"iceandfire:armor_copper_metal_boots":2,"minecraft:air":0,"iceandfire:armor_copper_metal_helmet":2,"iceandfire:copper_axe":1,"minecraft:bow":1,"minecraft:stick":4,"minecraft:stone_pickaxe":1,"minecraft:wooden_axe":1,"minecraft:torch":4},"minecraft:killed":{"minecraft:pig":2,"minecraft:spider":1,"minecraft:creeper":2,"minecraft:skeleton":3,"alexsmobs:bison":4},"minecraft:picked_up":{"minecraft:crafting_table":1,"minecraft:feather":2,"iceandfire:armor_copper_metal_chestplate":1,"minecraft:brown_bed":1,"alexsmobs:bison_fur":3,"minecraft:oak_log":115,"minecraft:gunpowder":3,"minecraft:dirt":18,"minecraft:string":1,"minecraft:raw_copper":59,"minecraft:bone":5,"minecraft:apple":5,"minecraft:wheat_seeds":1,"minecraft:beef":36,"minecraft:stick":47,"minecraft:raw_iron":3,"minecraft:cooked_porkchop":2,"iceandfire:silver_ore":3,"minecraft:porkchop":4,"minecraft:arrow":1,"spartanshields:copper_tower_shield":1,"minecraft:oak_sapling":64,"minecraft:coal":56,"minecraft:cobblestone":37},"minecraft:used":{"minecraft:stone_pickaxe":103,"minecraft:torch":4,"iceandfire:armor_copper_metal_boots":1,"minecraft:dirt":18,"minecraft:crafting_table":1,"cgm:rifle":1,"minecraft:wooden_axe":66,"minecraft:apple":3,"iceandfire:copper_axe":16,"spartanshields:copper_tower_shield":16,"minecraft:stone_axe":79,"minecraft:cobblestone":1,"minecraft:cooked_porkchop":2,"minecraft:oak_sapling":17,"iceandfire:armor_copper_metal_helmet":1,"minecraft:cooked_beef":7,"minecraft:brown_bed":1},"minecraft:broken":{"minecraft:wooden_axe":1},"minecraft:mined":{"minecraft:oak_sapling":1,"iceandfire:silver_ore":3,"minecraft:crafting_table":1,"minecraft:grass_block":3,"minecraft:copper_ore":18,"minecraft:cobblestone":1,"minecraft:iron_ore":3,"minecraft:grass":11,"minecraft:coal_ore":54,"minecraft:oak_log":115,"minecraft:stone":24},"minecraft:dropped":{"minecraft:cooked_beef":1,"iceandfire:armor_copper_metal_helmet":1,"iceandfire:armor_copper_metal_boots":1,"iceandfire:armor_copper_metal_leggings":1},"minecraft:custom":{"minecraft:interact_with_furnace":38,"minecraft:mob_kills":14,"minecraft:interact_with_crafting_table":17,"minecraft:leave_game":2,"minecraft:time_since_death":49202,"minecraft:sleep_in_bed":1,"minecraft:time_since_rest":2007,"minecraft:sprint_one_cm":79468,"minecraft:damage_taken":679,"minecraft:walk_one_cm":94985,"minecraft:damage_blocked_by_shield":240,"minecraft:drop":4,"minecraft:damage_dealt":2546,"minecraft:fly_one_cm":101005,"minecraft:open_chest":37,"minecraft:crouch_one_cm":3833,"minecraft:play_time":49202,"tombstone:undead_killed":3,"minecraft:sneak_time":1633,"minecraft:walk_under_water_one_cm":273,"minecraft:jump":739,"minecraft:walk_on_water_one_cm":6411,"minecraft:total_world_time":49202,"minecraft:fall_one_cm":14460}},"DataVersion":3120}