{"stats":{"minecraft:custom":{"minecraft:time_since_rest":21360,"minecraft:crouch_one_cm":350,"minecraft:sprint_one_cm":57184,"minecraft:play_time":24920,"minecraft:deaths":1,"minecraft:damage_taken":255,"minecraft:walk_one_cm":29804,"minecraft:sneak_time":88,"minecraft:walk_under_water_one_cm":820,"minecraft:mob_kills":3,"minecraft:drop":1,"minecraft:jump":243,"minecraft:damage_dealt":723,"minecraft:leave_game":1,"minecraft:time_since_death":23759,"minecraft:walk_on_water_one_cm":284,"minecraft:total_world_time":24920,"minecraft:swim_one_cm":951,"minecraft:fall_one_cm":2833,"minecraft:fly_one_cm":104333},"minecraft:used":{"alexscaves:spawn_egg_raycat":1,"alexscaves:spawn_egg_radgill":1,"minecraft:water_bucket":2,"alexscaves:spawn_egg_tremorzilla":1,"minecraft:grass_block":2,"minecraft:poppy":13,"alexscaves:spawn_egg_nucleeper":1,"iceandfire:dragonbone_sword_lightning":11,"minecraft:egg":1,"minecraft:husk_spawn_egg":1},"minecraft:picked_up":{"minecraft:stripped_oak_log":1,"minecraft:rotten_flesh":5,"minecraft:wheat_seeds":1,"usefulbackpacks:backpack_small":1,"usefulbackpacks:backpack_medium":1,"minecraft:spruce_sapling":3,"minecraft:spruce_log":5,"usefulbackpacks:backpack_large":1,"minecraft:egg":1},"minecraft:dropped":{"minecraft:diamond":1}},"DataVersion":3465}