{"stats":{"minecraft:crafted":{"minecraft:cooked_beef":21,"minecraft:oak_planks":10,"minecraft:crafting_table":1,"iceandfire:armor_copper_metal_leggings":2,"minecraft:copper_ingot":34,"minecraft:bucket":1,"minecraft:stone_axe":1,"iceandfire:armor_copper_metal_boots":2,"minecraft:air":0,"iceandfire:armor_copper_metal_helmet":2,"iceandfire:copper_axe":1,"minecraft:bow":1,"minecraft:stick":4,"minecraft:iron_ingot":15,"minecraft:iron_pickaxe":4,"minecraft:stone_pickaxe":1,"minecraft:wooden_axe":1,"minecraft:torch":164},"minecraft:killed":{"minecraft:pig":2,"minecraft:spider":1,"minecraft:creeper":2,"minecraft:skeleton":4,"alexsmobs:bison":4},"minecraft:picked_up":{"minecraft:crafting_table":1,"minecraft:feather":2,"minecraft:andesite":29,"iceandfire:armor_copper_metal_chestplate":1,"minecraft:brown_bed":1,"alexsmobs:bison_fur":3,"minecraft:oak_log":115,"minecraft:gunpowder":3,"minecraft:lapis_lazuli":8,"minecraft:dirt":18,"minecraft:string":1,"minecraft:raw_copper":59,"minecraft:bone":7,"minecraft:apple":5,"minecraft:wheat_seeds":1,"minecraft:cobbled_deepslate":5,"minecraft:beef":36,"minecraft:stick":47,"minecraft:raw_iron":68,"minecraft:cooked_porkchop":2,"minecraft:torch":2,"iceandfire:silver_ore":3,"minecraft:porkchop":4,"minecraft:diorite":1,"minecraft:redstone":17,"minecraft:arrow":1,"spartanshields:copper_tower_shield":1,"minecraft:oak_sapling":64,"minecraft:coal":56,"minecraft:cobblestone":49},"minecraft:used":{"minecraft:water_bucket":2,"minecraft:diorite":1,"minecraft:stone_pickaxe":122,"minecraft:torch":7,"iceandfire:armor_copper_metal_boots":1,"minecraft:dirt":18,"minecraft:crafting_table":1,"cgm:rifle":1,"minecraft:wooden_axe":66,"minecraft:apple":3,"minecraft:iron_pickaxe":57,"iceandfire:copper_axe":19,"spartanshields:copper_tower_shield":16,"minecraft:stone_axe":79,"minecraft:cobblestone":13,"minecraft:cooked_porkchop":2,"minecraft:oak_sapling":17,"iceandfire:armor_copper_metal_helmet":1,"minecraft:andesite":22,"minecraft:bucket":3,"minecraft:cooked_beef":9,"minecraft:cobbled_deepslate":4,"minecraft:brown_bed":1},"minecraft:broken":{"minecraft:wooden_axe":1},"minecraft:mined":{"minecraft:deepslate_redstone_ore":2,"minecraft:oak_sapling":1,"iceandfire:silver_ore":3,"minecraft:crafting_table":1,"minecraft:torch":2,"minecraft:grass_block":3,"minecraft:copper_ore":18,"minecraft:cobblestone":1,"minecraft:lapis_ore":1,"minecraft:diorite":1,"minecraft:redstone_ore":2,"minecraft:iron_ore":18,"minecraft:andesite":29,"minecraft:grass":11,"minecraft:coal_ore":54,"minecraft:oak_log":115,"minecraft:deepslate_iron_ore":7,"minecraft:stone":37,"minecraft:deepslate":5},"minecraft:dropped":{"minecraft:cooked_beef":1,"iceandfire:armor_copper_metal_helmet":1,"minecraft:torch":80,"iceandfire:armor_copper_metal_boots":1,"minecraft:iron_pickaxe":2,"iceandfire:armor_copper_metal_leggings":1},"minecraft:custom":{"minecraft:interact_with_furnace":53,"minecraft:mob_kills":15,"minecraft:interact_with_crafting_table":22,"minecraft:leave_game":2,"minecraft:time_since_death":61202,"minecraft:sleep_in_bed":1,"minecraft:time_since_rest":14007,"minecraft:sprint_one_cm":100781,"minecraft:damage_taken":851,"minecraft:walk_one_cm":113022,"minecraft:damage_blocked_by_shield":240,"minecraft:drop":8,"minecraft:damage_dealt":2746,"minecraft:fly_one_cm":124329,"minecraft:open_chest":51,"minecraft:crouch_one_cm":6493,"minecraft:play_time":61202,"tombstone:undead_killed":4,"minecraft:sneak_time":2753,"minecraft:walk_under_water_one_cm":273,"minecraft:jump":948,"minecraft:walk_on_water_one_cm":6420,"minecraft:total_world_time":61202,"minecraft:fall_one_cm":20084}},"DataVersion":3120}