{"stats":{"minecraft:custom":{"minecraft:mob_kills":138,"minecraft:interact_with_crafting_table":77,"minecraft:bell_ring":1,"minecraft:leave_game":11,"minecraft:time_since_death":208201,"minecraft:climb_one_cm":638,"minecraft:sprint_one_cm":906911,"minecraft:walk_one_cm":941359,"minecraft:damage_blocked_by_shield":883,"minecraft:drop":48,"minecraft:play_time":495407,"minecraft:sneak_time":21882,"minecraft:deaths":3,"minecraft:walk_under_water_one_cm":41749,"minecraft:jump":6934,"minecraft:interact_with_brewingstand":2,"minecraft:walk_on_water_one_cm":74211,"minecraft:total_world_time":495407,"minecraft:interact_with_furnace":164,"minecraft:interact_with_stonecutter":2,"minecraft:sleep_in_bed":7,"minecraft:time_since_rest":13512,"minecraft:waystone_activated":3,"minecraft:damage_taken":7623,"minecraft:trigger_trapped_chest":2,"minecraft:damage_dealt":11294,"minecraft:swim_one_cm":110051,"minecraft:fly_one_cm":1239727,"minecraft:crouch_one_cm":48820,"minecraft:open_chest":533,"tombstone:undead_killed":65,"minecraft:fall_one_cm":184982},"minecraft:picked_up":{"minecraft:crafting_table":2,"cgm:basic_bullet":6656,"unusualprehistory:amber_shard":4,"minecraft:leather_leggings":1,"treasure2:topaz":1,"iceandfire:armor_copper_metal_chestplate":2,"minecraft:brown_bed":1,"minecraft:enchanted_book":1,"minecraft:iron_leggings":1,"unusualprehistory:opal_chunk":3,"minecraft:string":11,"minecraft:raw_copper":1736,"minecraft:item_frame":1,"cgm:weighted_stock":2,"minecraft:cracked_stone_bricks":1,"minecraft:cobbled_deepslate":484,"minecraft:gold_nugget":28,"unusualprehistory:paleo_fossil":1,"cgm:short_scope":1,"minecraft:beef":154,"unusualprehistory:plant_fossil_item":3,"minecraft:poppy":1,"minecraft:iron_pickaxe":5,"minecraft:sugar_cane":11,"minecraft:iron_boots":1,"minecraft:furnace":6,"minecraft:egg":2,"unusualprehistory:tar_fossil_item":4,"minecraft:stick":66,"minecraft:raw_iron":242,"minecraft:oak_door":4,"iceandfire:armor_copper_metal_leggings":1,"ironchest:iron_chest":6,"minecraft:torch":124,"iceandfire:silver_ore":7,"minecraft:porkchop":5,"minecraft:pointed_dripstone":1,"tombstone:grave_dust":6,"minecraft:diorite":136,"iceandfire:armor_copper_metal_boots":1,"minecraft:redstone":365,"alexsmobs:centipede_leg":2,"minecraft:goat_horn":1,"minecraft:stone_shovel":1,"minecraft:arrow":33,"iceandfire:cyclops_eye":1,"minecraft:rotten_flesh":27,"spartanshields:copper_tower_shield":2,"minecraft:shears":1,"cgm:assault_rifle":1,"unusualprehistory:opal_fossil":2,"minecraft:saddle":1,"iceandfire:deepslate_silver_ore":4,"minecraft:obsidian":20,"minecraft:mutton":4,"minecraft:skeleton_skull":3,"minecraft:white_wool":8,"minecraft:cobblestone":635,"minecraft:enchanting_table":1,"minecraft:feather":6,"minecraft:cooked_beef":3,"minecraft:glow_ink_sac":3,"minecraft:salmon":3,"minecraft:andesite":214,"minecraft:leather":11,"minecraft:music_disc_stal":1,"minecraft:potato":624,"alexsmobs:bison_fur":19,"minecraft:flint":1,"minecraft:tuff":23,"minecraft:oak_log":210,"iceandfire:ectoplasm":1,"minecraft:golden_boots":1,"minecraft:gunpowder":9,"minecraft:lapis_lazuli":380,"minecraft:dirt":131,"minecraft:lantern":10,"tombstone:gift":1,"minecraft:bone":85,"minecraft:apple":11,"minecraft:stone_bricks":1,"minecraft:bow":3,"minecraft:wheat_seeds":14,"minecraft:raw_gold":80,"minecraft:iron_ingot":18,"minecraft:oak_planks":57,"spartanshields:iron_tower_shield":1,"minecraft:cooked_porkchop":2,"minecraft:dandelion":2,"minecraft:poisonous_potato":8,"minecraft:dripstone_block":6,"minecraft:gravel":4,"iceandfire:dragon_skull_fire":3,"cgm:specialised_grip":3,"minecraft:sand":298,"minecraft:ink_sac":30,"minecraft:white_bed":2,"minecraft:crying_obsidian":3,"minecraft:iron_hoe":1,"minecraft:spider_eye":4,"minecraft:bundle":1,"minecraft:light_gray_concrete":8,"minecraft:polished_andesite":20,"minecraft:diamond":17,"minecraft:stone_axe":1,"minecraft:polished_diorite":10,"minecraft:crossbow":1,"minecraft:iron_helmet":1,"minecraft:granite":17,"minecraft:bone_meal":1,"minecraft:baked_potato":16,"tombstone:magic_scroll":4,"minecraft:oak_sapling":99,"unusualprehistory:amber_fossil":1,"minecraft:coal":180},"minecraft:crafted":{"minecraft:black_dye":3,"minecraft:light_gray_concrete_powder":8,"minecraft:oak_planks":14,"ironfurnaces:gold_furnace":6,"minecraft:iron_nugget":432,"iceandfire:armor_copper_metal_leggings":2,"ironfurnaces:iron_furnace":6,"minecraft:gray_dye":6,"minecraft:bone_meal":224,"minecraft:bookshelf":11,"minecraft:gray_wool":4,"iceandfire:armor_copper_metal_helmet":2,"iceandfire:armor_copper_metal_boots":3,"minecraft:lantern":17,"iceandfire:copper_axe":1,"minecraft:bow":5,"minecraft:iron_boots":2,"minecraft:polished_diorite":188,"minecraft:iron_axe":1,"minecraft:iron_hoe":1,"iceandfire:armor_copper_metal_chestplate":1,"minecraft:stone_pickaxe":1,"minecraft:chest":2,"cgm:workbench":1,"minecraft:cooked_beef":147,"minecraft:red_dye":1,"ironchest:gold_chest":4,"minecraft:item_frame":5,"ironchest:wood_to_iron_chest_upgrade":9,"minecraft:cooked_porkchop":8,"minecraft:crafting_table":1,"minecraft:enchanting_table":1,"minecraft:iron_helmet":2,"minecraft:baked_potato":181,"minecraft:copper_ingot":57,"minecraft:gold_block":10,"minecraft:bucket":1,"minecraft:stone_axe":1,"minecraft:air":0,"minecraft:iron_chestplate":2,"mining_helmet:mining_helmet":1,"minecraft:stick":48,"minecraft:iron_ingot":180,"minecraft:iron_pickaxe":8,"minecraft:wooden_axe":1,"minecraft:andesite_stairs":16,"minecraft:gold_ingot":128,"minecraft:light_gray_dye":1,"minecraft:white_bed":1,"minecraft:torch":164,"minecraft:lapis_block":34,"minecraft:polished_andesite":328},"minecraft:used":{"ironchest:wood_to_iron_chest_upgrade":8,"ironfurnaces:gold_furnace":6,"minecraft:enchanting_table":2,"minecraft:stone_shovel":37,"minecraft:redstone":1,"minecraft:chest":2,"minecraft:brewing_stand":1,"iceandfire:armor_copper_metal_boots":1,"minecraft:cooked_chicken":10,"minecraft:dirt":115,"cgm:workbench":1,"minecraft:oak_door":4,"minecraft:torch":121,"ironchest:iron_chest":2,"minecraft:tuff":4,"cgm:rifle":1,"minecraft:granite":1,"minecraft:polished_diorite":174,"minecraft:iron_hoe":69,"minecraft:wooden_axe":66,"minecraft:bookshelf":11,"minecraft:lantern":26,"iceandfire:copper_axe":152,"minecraft:item_frame":6,"minecraft:oak_sapling":50,"iceandfire:armor_copper_metal_helmet":1,"ironchest:gold_chest":4,"minecraft:skeleton_skull":3,"minecraft:egg":1,"tombstone:gift":3,"minecraft:potato":187,"minecraft:cooked_beef":42,"minecraft:cobbled_deepslate":155,"minecraft:brown_bed":1,"minecraft:water_bucket":125,"minecraft:diorite":3,"minecraft:stone_pickaxe":132,"minecraft:polished_andesite":344,"minecraft:oak_planks":28,"minecraft:baked_potato":61,"minecraft:crafting_table":2,"minecraft:white_bed":1,"minecraft:light_gray_concrete_powder":8,"minecraft:dripstone_block":4,"minecraft:diamond_pickaxe":1533,"minecraft:apple":6,"minecraft:iron_pickaxe":1075,"minecraft:bread":7,"spartanshields:copper_tower_shield":24,"cgm:assault_rifle":624,"minecraft:stone_axe":185,"minecraft:cobblestone":80,"iceandfire:dragon_skull_fire":3,"minecraft:cooked_porkchop":2,"minecraft:andesite":22,"minecraft:andesite_stairs":16,"minecraft:bucket":126,"minecraft:bone_meal":59},"minecraft:killed_by":{"iceandfire:cyclops":1,"minecraft:creeper":1},"minecraft:broken":{"iceandfire:copper_axe":1,"minecraft:stone_pickaxe":1,"minecraft:stone_axe":1,"minecraft:iron_pickaxe":4,"minecraft:wooden_axe":1,"iceandfire:armor_copper_metal_helmet":1},"minecraft:killed":{"minecraft:cave_spider":1,"minecraft:spider":11,"alexsmobs:seagull":1,"minecraft:skeleton":40,"minecraft:horse":5,"alexsmobs:bison":21,"alexsmobs:centipede_head":1,"minecraft:pig":3,"iceandfire:cyclops":1,"minecraft:salmon":3,"minecraft:creeper":6,"minecraft:squid":8,"minecraft:zombie":23,"iceandfire:ghost":2,"unusualprehistory:sludge":1,"alexsmobs:crow":4,"minecraft:cow":4},"minecraft:mined":{"minecraft:crying_obsidian":3,"minecraft:tuff":28,"minecraft:white_bed":2,"minecraft:oak_sapling":2,"iceandfire:silver_ore":7,"minecraft:deepslate_diamond_ore":17,"unusualprehistory:stone_amber_ore":5,"minecraft:obsidian":20,"minecraft:granite":12,"unusualprehistory:deepslate_opal_ore":7,"minecraft:grass_block":16,"minecraft:redstone_wire":1,"unusualprehistory:deepslate_fossil":1,"unusualprehistory:plant_fossil":1,"iceandfire:deepslate_silver_ore":6,"minecraft:polished_diorite":10,"treasure2:deepslate_topaz_ore":1,"minecraft:large_fern":1,"minecraft:redstone_ore":2,"minecraft:furnace":6,"minecraft:iron_ore":77,"minecraft:cobbled_deepslate":9,"minecraft:andesite":214,"minecraft:deepslate_lapis_ore":41,"minecraft:enchanting_table":1,"minecraft:potatoes":139,"minecraft:skeleton_wall_skull":1,"iceandfire:gold_pile":4,"minecraft:deepslate_iron_ore":125,"minecraft:lantern":10,"minecraft:light_gray_concrete":8,"ironchest:iron_chest":6,"minecraft:stone":567,"minecraft:deepslate_redstone_ore":81,"unusualprehistory:deepslate_plant_fossil":2,"minecraft:dandelion":2,"minecraft:light_gray_concrete_powder":1,"minecraft:torch":6,"minecraft:crafting_table":2,"minecraft:poppy":1,"minecraft:copper_ore":383,"minecraft:cobblestone":64,"minecraft:deepslate_coal_ore":3,"minecraft:deepslate_gold_ore":67,"minecraft:lapis_ore":10,"minecraft:sugar_cane":6,"minecraft:diorite":137,"minecraft:wall_torch":30,"minecraft:deepslate_copper_ore":115,"minecraft:air":19,"minecraft:skeleton_skull":1,"minecraft:grass":37,"minecraft:coal_ore":168,"minecraft:oak_log":173,"minecraft:gravel":5,"minecraft:dripstone_block":6,"minecraft:dirt":61,"minecraft:cracked_stone_bricks":1,"minecraft:stone_bricks":1,"minecraft:polished_andesite":20,"minecraft:gold_ore":13,"minecraft:deepslate":472},"minecraft:dropped":{"minecraft:enchanted_book":1,"minecraft:iron_ingot":59,"minecraft:wheat_seeds":8,"minecraft:cooked_beef":1,"minecraft:iron_helmet":1,"minecraft:cobblestone":32,"minecraft:granite":15,"minecraft:cracked_stone_bricks":1,"minecraft:dirt":38,"minecraft:torch":137,"tombstone:magic_scroll":1,"cgm:weighted_stock":1,"iceandfire:armor_copper_metal_boots":1,"tombstone:grave_dust":2,"minecraft:bone_meal":166,"minecraft:iron_pickaxe":3,"minecraft:music_disc_stal":1,"minecraft:redstone":1,"minecraft:bone":17,"cgm:specialised_grip":1,"minecraft:goat_horn":1,"minecraft:tuff":1,"minecraft:rotten_flesh":19,"minecraft:iron_boots":1,"iceandfire:armor_copper_metal_helmet":1,"minecraft:white_bed":1,"cgm:basic_bullet":86,"minecraft:iron_chestplate":1,"minecraft:andesite":7,"minecraft:spider_eye":2,"minecraft:stone_bricks":1,"iceandfire:armor_copper_metal_leggings":1}},"DataVersion":3120}