{"stats":{"minecraft:custom":{"minecraft:time_since_rest":9360,"minecraft:crouch_one_cm":114,"minecraft:sprint_one_cm":50860,"minecraft:play_time":12920,"minecraft:deaths":1,"minecraft:damage_taken":255,"minecraft:walk_one_cm":17231,"minecraft:sneak_time":29,"minecraft:walk_under_water_one_cm":783,"minecraft:mob_kills":2,"minecraft:jump":205,"minecraft:damage_dealt":107,"minecraft:leave_game":1,"minecraft:time_since_death":11759,"minecraft:walk_on_water_one_cm":120,"minecraft:total_world_time":12920,"minecraft:swim_one_cm":951,"minecraft:fall_one_cm":2833,"minecraft:fly_one_cm":45020},"minecraft:used":{"minecraft:egg":1},"minecraft:picked_up":{"minecraft:rotten_flesh":5,"usefulbackpacks:backpack_small":1,"usefulbackpacks:backpack_medium":1,"usefulbackpacks:backpack_large":1,"minecraft:egg":1}},"DataVersion":3465}