{"stats":{"minecraft:crafted":{"minecraft:light_gray_concrete_powder":8,"minecraft:oak_planks":10,"iceandfire:armor_copper_metal_leggings":2,"minecraft:bone_meal":224,"iceandfire:armor_copper_metal_helmet":2,"iceandfire:armor_copper_metal_boots":2,"iceandfire:copper_axe":1,"minecraft:bow":1,"minecraft:iron_boots":2,"minecraft:iron_hoe":1,"minecraft:stone_pickaxe":1,"cgm:workbench":1,"minecraft:cooked_beef":21,"minecraft:red_dye":1,"minecraft:crafting_table":1,"minecraft:baked_potato":80,"minecraft:iron_helmet":2,"minecraft:copper_ingot":34,"minecraft:bucket":1,"minecraft:stone_axe":1,"minecraft:air":0,"minecraft:iron_chestplate":2,"minecraft:stick":16,"minecraft:iron_ingot":152,"minecraft:iron_pickaxe":8,"minecraft:wooden_axe":1,"minecraft:light_gray_dye":1,"minecraft:torch":164,"minecraft:lapis_block":34},"minecraft:killed":{"minecraft:cave_spider":1,"minecraft:spider":5,"minecraft:horse":5,"minecraft:skeleton":25,"alexsmobs:centipede_head":1,"alexsmobs:bison":4,"minecraft:pig":2,"minecraft:creeper":3,"minecraft:zombie":9,"iceandfire:ghost":1},"minecraft:picked_up":{"minecraft:crafting_table":1,"cgm:basic_bullet":320,"iceandfire:armor_copper_metal_chestplate":1,"minecraft:brown_bed":1,"minecraft:enchanted_book":1,"minecraft:string":2,"minecraft:raw_copper":96,"minecraft:cracked_stone_bricks":1,"unusualprehistory:paleo_fossil":1,"minecraft:cobbled_deepslate":447,"minecraft:beef":36,"unusualprehistory:plant_fossil_item":2,"minecraft:poppy":1,"minecraft:iron_pickaxe":2,"minecraft:stick":47,"minecraft:raw_iron":184,"minecraft:torch":87,"iceandfire:silver_ore":3,"minecraft:porkchop":4,"tombstone:grave_dust":4,"minecraft:diorite":1,"minecraft:redstone":130,"alexsmobs:centipede_leg":2,"minecraft:arrow":25,"minecraft:rotten_flesh":15,"spartanshields:copper_tower_shield":1,"cgm:assault_rifle":1,"minecraft:saddle":1,"minecraft:skeleton_skull":2,"minecraft:cobblestone":94,"minecraft:feather":2,"minecraft:cooked_beef":2,"minecraft:glow_ink_sac":3,"minecraft:andesite":29,"minecraft:leather":4,"minecraft:music_disc_stal":1,"minecraft:potato":269,"alexsmobs:bison_fur":3,"minecraft:tuff":18,"minecraft:oak_log":115,"iceandfire:ectoplasm":1,"minecraft:gunpowder":6,"minecraft:lapis_lazuli":220,"minecraft:dirt":67,"tombstone:gift":1,"minecraft:bone":68,"minecraft:apple":5,"minecraft:stone_bricks":1,"minecraft:wheat_seeds":13,"minecraft:raw_gold":43,"minecraft:iron_ingot":18,"minecraft:cooked_porkchop":2,"minecraft:dandelion":2,"minecraft:poisonous_potato":7,"minecraft:sand":298,"minecraft:spider_eye":2,"minecraft:light_gray_concrete":8,"minecraft:bundle":1,"minecraft:diamond":13,"minecraft:granite":15,"minecraft:bone_meal":1,"minecraft:oak_sapling":64,"tombstone:magic_scroll":2,"minecraft:coal":85},"minecraft:killed_by":{"minecraft:creeper":1},"minecraft:used":{"minecraft:redstone":1,"minecraft:cooked_chicken":10,"minecraft:torch":78,"iceandfire:armor_copper_metal_boots":1,"minecraft:dirt":29,"cgm:workbench":1,"cgm:rifle":1,"minecraft:iron_hoe":68,"minecraft:wooden_axe":66,"iceandfire:copper_axe":152,"minecraft:oak_sapling":17,"iceandfire:armor_copper_metal_helmet":1,"tombstone:gift":2,"minecraft:skeleton_skull":2,"minecraft:potato":111,"minecraft:cooked_beef":38,"minecraft:cobbled_deepslate":118,"minecraft:brown_bed":1,"minecraft:water_bucket":94,"minecraft:diorite":1,"minecraft:stone_pickaxe":132,"minecraft:crafting_table":1,"minecraft:light_gray_concrete_powder":8,"minecraft:apple":6,"minecraft:bread":7,"minecraft:iron_pickaxe":846,"spartanshields:copper_tower_shield":24,"cgm:assault_rifle":23,"minecraft:stone_axe":102,"minecraft:cobblestone":25,"minecraft:cooked_porkchop":2,"minecraft:bucket":94,"minecraft:andesite":22,"minecraft:bone_meal":59},"minecraft:broken":{"iceandfire:copper_axe":1,"minecraft:stone_pickaxe":1,"minecraft:iron_pickaxe":2,"minecraft:wooden_axe":1,"iceandfire:armor_copper_metal_helmet":1},"minecraft:mined":{"minecraft:tuff":21,"minecraft:oak_sapling":1,"iceandfire:silver_ore":3,"minecraft:deepslate_diamond_ore":13,"minecraft:granite":10,"minecraft:grass_block":7,"unusualprehistory:deepslate_fossil":1,"minecraft:redstone_wire":1,"iceandfire:deepslate_silver_ore":2,"minecraft:large_fern":1,"minecraft:redstone_ore":2,"minecraft:iron_ore":53,"minecraft:cobbled_deepslate":9,"minecraft:andesite":29,"minecraft:deepslate_lapis_ore":16,"minecraft:potatoes":93,"minecraft:skeleton_wall_skull":1,"minecraft:deepslate_iron_ore":91,"minecraft:light_gray_concrete":8,"minecraft:stone":81,"minecraft:deepslate_redstone_ore":27,"unusualprehistory:deepslate_plant_fossil":2,"minecraft:dandelion":2,"minecraft:crafting_table":1,"minecraft:torch":5,"minecraft:light_gray_concrete_powder":1,"minecraft:poppy":1,"minecraft:copper_ore":18,"minecraft:cobblestone":5,"minecraft:deepslate_coal_ore":3,"minecraft:lapis_ore":8,"minecraft:deepslate_gold_ore":41,"minecraft:sugar_cane":1,"minecraft:diorite":1,"minecraft:wall_torch":7,"minecraft:deepslate_copper_ore":12,"minecraft:grass":33,"minecraft:oak_log":115,"minecraft:coal_ore":79,"minecraft:dirt":5,"minecraft:cracked_stone_bricks":1,"minecraft:stone_bricks":1,"minecraft:gold_ore":2,"minecraft:deepslate":433},"minecraft:dropped":{"minecraft:enchanted_book":1,"minecraft:iron_ingot":59,"minecraft:wheat_seeds":8,"minecraft:cooked_beef":1,"minecraft:iron_helmet":1,"minecraft:cobblestone":32,"minecraft:granite":15,"minecraft:cracked_stone_bricks":1,"minecraft:dirt":38,"tombstone:magic_scroll":1,"minecraft:torch":137,"iceandfire:armor_copper_metal_boots":1,"tombstone:grave_dust":2,"minecraft:bone_meal":166,"minecraft:iron_pickaxe":3,"minecraft:music_disc_stal":1,"minecraft:redstone":1,"minecraft:bone":17,"minecraft:tuff":1,"minecraft:rotten_flesh":19,"minecraft:iron_boots":1,"iceandfire:armor_copper_metal_helmet":1,"cgm:basic_bullet":86,"minecraft:iron_chestplate":1,"minecraft:andesite":7,"minecraft:spider_eye":2,"minecraft:stone_bricks":1,"iceandfire:armor_copper_metal_leggings":1},"minecraft:custom":{"minecraft:mob_kills":60,"minecraft:interact_with_crafting_table":39,"minecraft:leave_game":6,"minecraft:time_since_death":49712,"minecraft:climb_one_cm":68,"minecraft:sprint_one_cm":410040,"minecraft:walk_one_cm":382488,"minecraft:damage_blocked_by_shield":883,"minecraft:drop":44,"minecraft:play_time":210446,"minecraft:deaths":2,"minecraft:sneak_time":8794,"minecraft:walk_under_water_one_cm":25356,"minecraft:jump":3346,"minecraft:walk_on_water_one_cm":41493,"minecraft:total_world_time":210446,"minecraft:interact_with_furnace":86,"minecraft:sleep_in_bed":3,"minecraft:time_since_rest":4367,"minecraft:damage_taken":4832,"minecraft:trigger_trapped_chest":1,"minecraft:damage_dealt":11271,"minecraft:swim_one_cm":42500,"minecraft:fly_one_cm":508698,"minecraft:open_chest":192,"minecraft:crouch_one_cm":16633,"tombstone:undead_killed":35,"minecraft:fall_one_cm":78676}},"DataVersion":3120}