{"stats":{"minecraft:killed":{"alexscaves:brainiac":1,"twilightforest:hydra":1},"minecraft:custom":{"minecraft:time_since_rest":45360,"minecraft:damage_taken":255,"minecraft:sprint_one_cm":66083,"minecraft:walk_one_cm":42926,"minecraft:mob_kills":5,"minecraft:drop":2,"minecraft:damage_dealt":1727,"minecraft:swim_one_cm":1205,"minecraft:fly_one_cm":265185,"minecraft:open_chest":1,"minecraft:crouch_one_cm":443,"minecraft:play_time":48920,"tombstone:undead_killed":1,"minecraft:deaths":1,"minecraft:sneak_time":115,"minecraft:walk_under_water_one_cm":1508,"minecraft:jump":293,"minecraft:leave_game":1,"minecraft:walk_on_water_one_cm":4527,"minecraft:time_since_death":47759,"minecraft:total_world_time":48920,"minecraft:fall_one_cm":2833},"minecraft:used":{"alexscaves:green_soylent":1,"minecraft:water_bucket":2,"twilightforest:hydra_spawn_egg":1,"alexscaves:spawn_egg_brainiac":1,"minecraft:flint_and_steel":2,"alexscaves:spawn_egg_tremorzilla":1,"iceandfire:dragonbone_sword_fire":17,"treasure2:milk_crate_mimic_egg":1,"alexscaves:spawn_egg_mine_guardian":1,"minecraft:grass_block":2,"alexscaves:spawn_egg_relicheirus":1,"treasure2:spider_chest":1,"minecraft:poppy":13,"treasure2:bound_soul_egg":1,"twilightforest:glass_sword":38,"iceandfire:dragonbone_sword_ice":9,"alexscaves:depth_charge":47,"twilightforest:hydra_trophy":1,"alexscaves:spawn_egg_subterranodon":1,"twilightforest:blockchain_goblin_spawn_egg":1,"alexscaves:spawn_egg_raycat":1,"alexscaves:tremorzilla_egg":1,"alexscaves:spawn_egg_radgill":2,"twilightforest:giant_sword":4,"alexscaves:spawn_egg_tripodfish":1,"alexscaves:spawn_egg_gloomoth":1,"minecraft:sponge":3,"treasure2:viking_chest_mimic_egg":1,"iceandfire:dragonbone_sword_lightning":29,"alexscaves:nuclear_bomb":1,"alexscaves:spawn_egg_nucleeper":1,"minecraft:egg":1,"iceandfire:dragonegg_red":1,"iceandfire:spawn_egg_fire_dragon":1,"minecraft:husk_spawn_egg":1,"alexscaves:waste_drum":1},"minecraft:picked_up":{"minecraft:stripped_oak_log":1,"iceandfire:dragonbone":3,"minecraft:coarse_dirt":1,"alexscaves:radgill":1,"minecraft:andesite":16,"minecraft:brown_mushroom":1,"minecraft:flint":1,"minecraft:gravel":7,"minecraft:sand":2,"usefulbackpacks:backpack_medium":1,"minecraft:spruce_sapling":5,"minecraft:diorite":10,"minecraft:spruce_log":6,"alexscaves:charred_remnant":1,"alexscaves:tripodfish":1,"minecraft:lapis_lazuli":6,"usefulbackpacks:backpack_large":1,"minecraft:dirt":38,"iceandfire:dragonegg_red":1,"minecraft:rotten_flesh":5,"minecraft:wheat_seeds":4,"usefulbackpacks:backpack_small":1,"alexscaves:depth_charge":1,"minecraft:granite":5,"alexscaves:green_soylent":1,"iceandfire:fire_dragon_flesh":2,"minecraft:coal":1,"treasure2:spider_chest":1,"minecraft:cobblestone":209,"minecraft:egg":1},"minecraft:dropped":{"minecraft:diamond":1,"twilightforest:glass_sword":1}},"DataVersion":3465}