{"stats":{"minecraft:crafted":{"minecraft:cooked_beef":21,"minecraft:oak_planks":10,"minecraft:crafting_table":1,"iceandfire:armor_copper_metal_leggings":2,"minecraft:copper_ingot":34,"minecraft:bucket":1,"minecraft:stone_axe":1,"iceandfire:armor_copper_metal_boots":2,"minecraft:air":0,"iceandfire:armor_copper_metal_helmet":2,"iceandfire:copper_axe":1,"minecraft:bow":1,"minecraft:stick":4,"minecraft:iron_ingot":15,"minecraft:iron_pickaxe":4,"minecraft:stone_pickaxe":1,"minecraft:wooden_axe":1,"minecraft:torch":164},"minecraft:killed":{"minecraft:cave_spider":1,"minecraft:pig":2,"minecraft:spider":4,"minecraft:creeper":3,"minecraft:skeleton":23,"minecraft:zombie":9,"alexsmobs:centipede_head":1,"alexsmobs:bison":4},"minecraft:picked_up":{"minecraft:crafting_table":1,"minecraft:feather":2,"minecraft:glow_ink_sac":3,"minecraft:andesite":29,"iceandfire:armor_copper_metal_chestplate":1,"minecraft:brown_bed":1,"alexsmobs:bison_fur":3,"minecraft:enchanted_book":1,"minecraft:tuff":1,"minecraft:oak_log":115,"minecraft:gunpowder":5,"minecraft:lapis_lazuli":122,"minecraft:dirt":20,"minecraft:string":2,"tombstone:gift":1,"minecraft:raw_copper":96,"minecraft:bone":30,"minecraft:apple":5,"unusualprehistory:paleo_fossil":1,"minecraft:wheat_seeds":1,"minecraft:cobbled_deepslate":106,"minecraft:raw_gold":28,"minecraft:beef":36,"unusualprehistory:plant_fossil_item":2,"minecraft:iron_pickaxe":1,"minecraft:stick":47,"minecraft:raw_iron":149,"minecraft:cooked_porkchop":2,"minecraft:torch":29,"iceandfire:silver_ore":3,"minecraft:porkchop":4,"tombstone:grave_dust":4,"minecraft:diorite":1,"minecraft:redstone":124,"minecraft:spider_eye":1,"alexsmobs:centipede_leg":2,"minecraft:arrow":23,"minecraft:rotten_flesh":15,"minecraft:diamond":13,"spartanshields:copper_tower_shield":1,"tombstone:magic_scroll":2,"minecraft:oak_sapling":64,"minecraft:coal":56,"minecraft:cobblestone":50},"minecraft:killed_by":{"minecraft:creeper":1},"minecraft:used":{"minecraft:water_bucket":15,"minecraft:diorite":1,"minecraft:stone_pickaxe":132,"minecraft:torch":53,"iceandfire:armor_copper_metal_boots":1,"minecraft:dirt":18,"minecraft:crafting_table":1,"cgm:rifle":1,"minecraft:wooden_axe":66,"minecraft:apple":3,"minecraft:bread":7,"minecraft:iron_pickaxe":323,"iceandfire:copper_axe":152,"spartanshields:copper_tower_shield":18,"minecraft:stone_axe":85,"minecraft:cobblestone":13,"minecraft:cooked_porkchop":2,"minecraft:oak_sapling":17,"iceandfire:armor_copper_metal_helmet":1,"minecraft:andesite":22,"minecraft:bucket":16,"tombstone:gift":1,"minecraft:cooked_beef":33,"minecraft:cobbled_deepslate":77,"minecraft:brown_bed":1},"minecraft:broken":{"minecraft:stone_pickaxe":1,"iceandfire:copper_axe":1,"minecraft:iron_pickaxe":1,"minecraft:wooden_axe":1,"iceandfire:armor_copper_metal_helmet":1},"minecraft:mined":{"minecraft:deepslate_redstone_ore":26,"minecraft:tuff":4,"unusualprehistory:deepslate_plant_fossil":2,"minecraft:oak_sapling":1,"iceandfire:silver_ore":3,"minecraft:deepslate_diamond_ore":13,"minecraft:crafting_table":1,"minecraft:torch":3,"minecraft:granite":1,"minecraft:grass_block":3,"unusualprehistory:deepslate_fossil":1,"iceandfire:deepslate_silver_ore":2,"minecraft:copper_ore":18,"minecraft:cobblestone":1,"minecraft:deepslate_gold_ore":27,"minecraft:lapis_ore":7,"minecraft:diorite":1,"minecraft:wall_torch":3,"minecraft:deepslate_copper_ore":12,"minecraft:redstone_ore":2,"minecraft:cobbled_deepslate":4,"minecraft:iron_ore":30,"minecraft:andesite":29,"minecraft:deepslate_lapis_ore":11,"minecraft:grass":11,"minecraft:coal_ore":54,"minecraft:oak_log":115,"minecraft:deepslate_iron_ore":77,"minecraft:dirt":2,"minecraft:stone":39,"minecraft:gold_ore":1,"minecraft:deepslate":87},"minecraft:dropped":{"minecraft:enchanted_book":1,"minecraft:cooked_beef":1,"minecraft:tuff":1,"minecraft:rotten_flesh":19,"iceandfire:armor_copper_metal_helmet":1,"tombstone:magic_scroll":1,"minecraft:torch":103,"minecraft:andesite":7,"iceandfire:armor_copper_metal_boots":1,"tombstone:grave_dust":2,"minecraft:iron_pickaxe":3,"iceandfire:armor_copper_metal_leggings":1},"minecraft:custom":{"minecraft:interact_with_furnace":53,"minecraft:mob_kills":50,"minecraft:interact_with_crafting_table":22,"minecraft:leave_game":3,"minecraft:time_since_death":0,"minecraft:sleep_in_bed":1,"minecraft:time_since_rest":0,"minecraft:sprint_one_cm":229194,"minecraft:damage_taken":3628,"minecraft:walk_one_cm":240812,"minecraft:damage_blocked_by_shield":320,"minecraft:drop":17,"minecraft:damage_dealt":10154,"minecraft:swim_one_cm":2766,"minecraft:fly_one_cm":223584,"minecraft:open_chest":61,"minecraft:deaths":1,"minecraft:crouch_one_cm":12353,"minecraft:play_time":112962,"tombstone:undead_killed":32,"minecraft:sneak_time":5397,"minecraft:walk_under_water_one_cm":5223,"minecraft:jump":1914,"minecraft:walk_on_water_one_cm":26924,"minecraft:total_world_time":112962,"minecraft:fall_one_cm":44779}},"DataVersion":3120}