{"stats":{"minecraft:killed_by":{"minecraft:creeper":1},"minecraft:broken":{"iceandfire:copper_axe":1,"minecraft:stone_pickaxe":1,"minecraft:iron_pickaxe":2,"minecraft:wooden_axe":1,"iceandfire:armor_copper_metal_helmet":1},"minecraft:dropped":{"minecraft:enchanted_book":1,"minecraft:iron_ingot":59,"minecraft:wheat_seeds":8,"minecraft:cooked_beef":1,"minecraft:iron_helmet":1,"minecraft:cobblestone":32,"minecraft:granite":15,"minecraft:cracked_stone_bricks":1,"minecraft:dirt":38,"minecraft:torch":137,"tombstone:magic_scroll":1,"iceandfire:armor_copper_metal_boots":1,"tombstone:grave_dust":2,"minecraft:bone_meal":166,"minecraft:iron_pickaxe":3,"minecraft:music_disc_stal":1,"minecraft:bone":17,"minecraft:redstone":1,"minecraft:goat_horn":1,"minecraft:tuff":1,"minecraft:rotten_flesh":19,"minecraft:iron_boots":1,"iceandfire:armor_copper_metal_helmet":1,"cgm:basic_bullet":86,"minecraft:iron_chestplate":1,"minecraft:andesite":7,"minecraft:spider_eye":2,"minecraft:stone_bricks":1,"iceandfire:armor_copper_metal_leggings":1},"minecraft:killed":{"minecraft:cave_spider":1,"minecraft:spider":6,"minecraft:skeleton":26,"minecraft:horse":5,"alexsmobs:centipede_head":1,"alexsmobs:bison":4,"minecraft:pig":2,"minecraft:creeper":3,"minecraft:zombie":11,"iceandfire:ghost":1,"alexsmobs:crow":2},"minecraft:picked_up":{"minecraft:crafting_table":1,"cgm:basic_bullet":768,"iceandfire:armor_copper_metal_chestplate":1,"minecraft:brown_bed":1,"minecraft:enchanted_book":1,"minecraft:string":4,"minecraft:raw_copper":96,"minecraft:cracked_stone_bricks":1,"unusualprehistory:paleo_fossil":1,"minecraft:cobbled_deepslate":447,"minecraft:beef":36,"unusualprehistory:plant_fossil_item":2,"minecraft:poppy":1,"minecraft:iron_pickaxe":2,"minecraft:sugar_cane":6,"minecraft:stick":47,"minecraft:raw_iron":184,"minecraft:torch":88,"iceandfire:silver_ore":3,"minecraft:porkchop":4,"tombstone:grave_dust":4,"minecraft:diorite":1,"minecraft:redstone":130,"alexsmobs:centipede_leg":2,"minecraft:goat_horn":1,"minecraft:arrow":25,"minecraft:rotten_flesh":17,"spartanshields:copper_tower_shield":1,"cgm:assault_rifle":1,"minecraft:saddle":1,"minecraft:skeleton_skull":3,"minecraft:cobblestone":95,"minecraft:feather":3,"minecraft:cooked_beef":2,"minecraft:glow_ink_sac":3,"minecraft:andesite":29,"minecraft:leather":4,"minecraft:music_disc_stal":1,"minecraft:potato":338,"alexsmobs:bison_fur":3,"minecraft:tuff":18,"minecraft:oak_log":115,"iceandfire:ectoplasm":1,"minecraft:gunpowder":6,"minecraft:lapis_lazuli":220,"minecraft:dirt":67,"tombstone:gift":1,"minecraft:bone":69,"minecraft:apple":5,"minecraft:stone_bricks":1,"minecraft:wheat_seeds":13,"minecraft:raw_gold":43,"minecraft:iron_ingot":18,"spartanshields:iron_tower_shield":1,"minecraft:cooked_porkchop":2,"minecraft:dandelion":2,"minecraft:poisonous_potato":7,"iceandfire:dragon_skull_fire":1,"minecraft:sand":298,"minecraft:spider_eye":2,"minecraft:bundle":1,"minecraft:light_gray_concrete":8,"minecraft:diamond":13,"minecraft:granite":15,"minecraft:bone_meal":1,"minecraft:baked_potato":16,"minecraft:oak_sapling":64,"tombstone:magic_scroll":2,"minecraft:coal":85},"minecraft:used":{"minecraft:redstone":1,"minecraft:cooked_chicken":10,"minecraft:torch":86,"iceandfire:armor_copper_metal_boots":1,"minecraft:dirt":29,"cgm:workbench":1,"cgm:rifle":1,"minecraft:iron_hoe":68,"minecraft:wooden_axe":66,"iceandfire:copper_axe":152,"minecraft:oak_sapling":17,"iceandfire:armor_copper_metal_helmet":1,"tombstone:gift":2,"minecraft:skeleton_skull":3,"minecraft:cooked_beef":39,"minecraft:potato":138,"minecraft:cobbled_deepslate":118,"minecraft:brown_bed":1,"minecraft:water_bucket":94,"minecraft:diorite":1,"minecraft:stone_pickaxe":132,"minecraft:baked_potato":4,"minecraft:crafting_table":1,"minecraft:light_gray_concrete_powder":8,"minecraft:apple":6,"minecraft:bread":7,"minecraft:iron_pickaxe":847,"spartanshields:copper_tower_shield":24,"cgm:assault_rifle":67,"minecraft:stone_axe":102,"minecraft:cobblestone":26,"iceandfire:dragon_skull_fire":1,"minecraft:cooked_porkchop":2,"minecraft:andesite":22,"minecraft:bucket":94,"minecraft:bone_meal":59},"minecraft:crafted":{"minecraft:light_gray_concrete_powder":8,"minecraft:oak_planks":10,"minecraft:iron_nugget":9,"iceandfire:armor_copper_metal_leggings":2,"minecraft:bone_meal":224,"iceandfire:armor_copper_metal_boots":2,"iceandfire:armor_copper_metal_helmet":2,"minecraft:lantern":1,"iceandfire:copper_axe":1,"minecraft:bow":1,"minecraft:iron_boots":2,"minecraft:iron_hoe":1,"minecraft:stone_pickaxe":1,"cgm:workbench":1,"minecraft:cooked_beef":21,"minecraft:red_dye":1,"minecraft:cooked_porkchop":8,"minecraft:crafting_table":1,"minecraft:iron_helmet":2,"minecraft:baked_potato":80,"minecraft:copper_ingot":49,"minecraft:bucket":1,"minecraft:stone_axe":1,"minecraft:air":0,"mining_helmet:mining_helmet":1,"minecraft:iron_chestplate":2,"minecraft:stick":16,"minecraft:iron_ingot":152,"minecraft:iron_pickaxe":8,"minecraft:wooden_axe":1,"minecraft:light_gray_dye":1,"minecraft:torch":164,"minecraft:lapis_block":34},"minecraft:mined":{"minecraft:tuff":21,"minecraft:oak_sapling":1,"iceandfire:silver_ore":3,"minecraft:deepslate_diamond_ore":13,"minecraft:granite":10,"minecraft:grass_block":7,"unusualprehistory:deepslate_fossil":1,"minecraft:redstone_wire":1,"iceandfire:deepslate_silver_ore":2,"minecraft:large_fern":1,"minecraft:redstone_ore":2,"minecraft:iron_ore":53,"minecraft:cobbled_deepslate":9,"minecraft:andesite":29,"minecraft:deepslate_lapis_ore":16,"minecraft:skeleton_wall_skull":1,"minecraft:potatoes":110,"minecraft:deepslate_iron_ore":91,"minecraft:light_gray_concrete":8,"minecraft:stone":81,"minecraft:deepslate_redstone_ore":27,"unusualprehistory:deepslate_plant_fossil":2,"minecraft:dandelion":2,"minecraft:crafting_table":1,"minecraft:torch":5,"minecraft:light_gray_concrete_powder":1,"minecraft:poppy":1,"minecraft:copper_ore":18,"minecraft:cobblestone":6,"minecraft:deepslate_coal_ore":3,"minecraft:lapis_ore":8,"minecraft:deepslate_gold_ore":41,"minecraft:sugar_cane":4,"minecraft:diorite":1,"minecraft:wall_torch":8,"minecraft:deepslate_copper_ore":12,"minecraft:skeleton_skull":1,"minecraft:grass":33,"minecraft:oak_log":115,"minecraft:coal_ore":79,"minecraft:dirt":5,"minecraft:cracked_stone_bricks":1,"minecraft:stone_bricks":1,"minecraft:gold_ore":2,"minecraft:deepslate":433},"minecraft:custom":{"minecraft:mob_kills":66,"minecraft:interact_with_crafting_table":41,"minecraft:leave_game":10,"minecraft:time_since_death":89397,"minecraft:climb_one_cm":68,"minecraft:sprint_one_cm":445945,"minecraft:walk_one_cm":471662,"minecraft:damage_blocked_by_shield":883,"minecraft:drop":45,"minecraft:play_time":250131,"minecraft:deaths":2,"minecraft:sneak_time":8922,"minecraft:walk_under_water_one_cm":26232,"minecraft:jump":3593,"minecraft:walk_on_water_one_cm":44605,"minecraft:total_world_time":250131,"minecraft:interact_with_furnace":123,"minecraft:sleep_in_bed":3,"minecraft:time_since_rest":44052,"minecraft:damage_taken":4904,"minecraft:trigger_trapped_chest":1,"minecraft:damage_dealt":11271,"minecraft:swim_one_cm":42500,"minecraft:fly_one_cm":549442,"minecraft:open_chest":227,"minecraft:crouch_one_cm":16796,"tombstone:undead_killed":38,"minecraft:fall_one_cm":84353}},"DataVersion":3120}