{"stats":{"minecraft:crafted":{"minecraft:light_gray_concrete_powder":8,"minecraft:oak_planks":10,"iceandfire:armor_copper_metal_leggings":2,"iceandfire:armor_copper_metal_helmet":2,"iceandfire:armor_copper_metal_boots":2,"iceandfire:copper_axe":1,"minecraft:bow":1,"minecraft:stone_pickaxe":1,"minecraft:cooked_beef":21,"minecraft:crafting_table":1,"minecraft:copper_ingot":34,"minecraft:bucket":1,"minecraft:stone_axe":1,"minecraft:air":0,"minecraft:iron_chestplate":2,"minecraft:stick":12,"minecraft:iron_ingot":61,"minecraft:iron_pickaxe":8,"minecraft:wooden_axe":1,"minecraft:light_gray_dye":1,"minecraft:torch":164,"minecraft:lapis_block":34},"minecraft:killed":{"minecraft:cave_spider":1,"minecraft:spider":5,"minecraft:skeleton":25,"alexsmobs:centipede_head":1,"alexsmobs:bison":4,"minecraft:pig":2,"minecraft:creeper":3,"minecraft:zombie":9,"iceandfire:ghost":1},"minecraft:picked_up":{"minecraft:crafting_table":1,"iceandfire:armor_copper_metal_chestplate":1,"minecraft:brown_bed":1,"minecraft:enchanted_book":1,"minecraft:string":2,"minecraft:raw_copper":96,"minecraft:cracked_stone_bricks":1,"unusualprehistory:paleo_fossil":1,"minecraft:cobbled_deepslate":447,"minecraft:beef":36,"unusualprehistory:plant_fossil_item":2,"minecraft:iron_pickaxe":2,"minecraft:stick":47,"minecraft:raw_iron":184,"minecraft:torch":85,"iceandfire:silver_ore":3,"minecraft:porkchop":4,"tombstone:grave_dust":4,"minecraft:diorite":1,"minecraft:redstone":130,"alexsmobs:centipede_leg":2,"minecraft:arrow":25,"minecraft:rotten_flesh":15,"spartanshields:copper_tower_shield":1,"minecraft:saddle":1,"minecraft:skeleton_skull":2,"minecraft:cobblestone":94,"minecraft:feather":2,"minecraft:cooked_beef":2,"minecraft:glow_ink_sac":3,"minecraft:andesite":29,"minecraft:music_disc_stal":1,"alexsmobs:bison_fur":3,"minecraft:tuff":18,"minecraft:oak_log":115,"iceandfire:ectoplasm":1,"minecraft:gunpowder":6,"minecraft:lapis_lazuli":220,"minecraft:dirt":64,"tombstone:gift":1,"minecraft:bone":34,"minecraft:apple":5,"minecraft:stone_bricks":1,"minecraft:wheat_seeds":1,"minecraft:raw_gold":43,"minecraft:cooked_porkchop":2,"minecraft:sand":298,"minecraft:spider_eye":2,"minecraft:bundle":1,"minecraft:diamond":13,"minecraft:granite":15,"minecraft:oak_sapling":64,"tombstone:magic_scroll":2,"minecraft:coal":85},"minecraft:killed_by":{"minecraft:creeper":1},"minecraft:used":{"minecraft:redstone":1,"minecraft:cooked_chicken":10,"minecraft:torch":74,"iceandfire:armor_copper_metal_boots":1,"minecraft:dirt":26,"cgm:rifle":1,"minecraft:wooden_axe":66,"iceandfire:copper_axe":152,"minecraft:oak_sapling":17,"iceandfire:armor_copper_metal_helmet":1,"tombstone:gift":2,"minecraft:skeleton_skull":2,"minecraft:cooked_beef":37,"minecraft:cobbled_deepslate":118,"minecraft:brown_bed":1,"minecraft:water_bucket":91,"minecraft:diorite":1,"minecraft:stone_pickaxe":132,"minecraft:crafting_table":1,"minecraft:apple":6,"minecraft:bread":7,"minecraft:iron_pickaxe":838,"spartanshields:copper_tower_shield":18,"minecraft:stone_axe":102,"minecraft:cobblestone":25,"minecraft:cooked_porkchop":2,"minecraft:bucket":92,"minecraft:andesite":22},"minecraft:broken":{"iceandfire:copper_axe":1,"minecraft:stone_pickaxe":1,"minecraft:iron_pickaxe":2,"minecraft:wooden_axe":1,"iceandfire:armor_copper_metal_helmet":1},"minecraft:mined":{"minecraft:tuff":21,"minecraft:oak_sapling":1,"iceandfire:silver_ore":3,"minecraft:deepslate_diamond_ore":13,"minecraft:granite":10,"minecraft:grass_block":4,"unusualprehistory:deepslate_fossil":1,"minecraft:redstone_wire":1,"iceandfire:deepslate_silver_ore":2,"minecraft:large_fern":1,"minecraft:redstone_ore":2,"minecraft:iron_ore":53,"minecraft:cobbled_deepslate":9,"minecraft:andesite":29,"minecraft:deepslate_lapis_ore":16,"minecraft:skeleton_wall_skull":1,"minecraft:deepslate_iron_ore":91,"minecraft:stone":81,"minecraft:deepslate_redstone_ore":27,"unusualprehistory:deepslate_plant_fossil":2,"minecraft:crafting_table":1,"minecraft:torch":5,"minecraft:copper_ore":18,"minecraft:cobblestone":5,"minecraft:deepslate_coal_ore":3,"minecraft:lapis_ore":8,"minecraft:deepslate_gold_ore":41,"minecraft:sugar_cane":1,"minecraft:diorite":1,"minecraft:wall_torch":6,"minecraft:deepslate_copper_ore":12,"minecraft:grass":12,"minecraft:oak_log":115,"minecraft:coal_ore":79,"minecraft:dirt":5,"minecraft:cracked_stone_bricks":1,"minecraft:stone_bricks":1,"minecraft:gold_ore":2,"minecraft:deepslate":433},"minecraft:dropped":{"minecraft:enchanted_book":1,"minecraft:cooked_beef":1,"minecraft:cobblestone":32,"minecraft:granite":15,"minecraft:cracked_stone_bricks":1,"minecraft:dirt":38,"tombstone:magic_scroll":1,"minecraft:torch":137,"iceandfire:armor_copper_metal_boots":1,"tombstone:grave_dust":2,"minecraft:iron_pickaxe":3,"minecraft:music_disc_stal":1,"minecraft:tuff":1,"minecraft:rotten_flesh":19,"iceandfire:armor_copper_metal_helmet":1,"minecraft:iron_chestplate":1,"minecraft:andesite":7,"minecraft:spider_eye":2,"minecraft:stone_bricks":1,"iceandfire:armor_copper_metal_leggings":1},"minecraft:custom":{"minecraft:mob_kills":55,"minecraft:interact_with_crafting_table":32,"minecraft:leave_game":5,"minecraft:time_since_death":19106,"minecraft:climb_one_cm":68,"minecraft:sprint_one_cm":386116,"minecraft:walk_one_cm":341055,"minecraft:damage_blocked_by_shield":320,"minecraft:drop":32,"minecraft:play_time":179840,"minecraft:deaths":2,"minecraft:sneak_time":8765,"minecraft:walk_under_water_one_cm":25356,"minecraft:jump":3185,"minecraft:walk_on_water_one_cm":41454,"minecraft:total_world_time":179840,"minecraft:interact_with_furnace":69,"minecraft:sleep_in_bed":1,"minecraft:time_since_rest":18974,"minecraft:damage_taken":4832,"minecraft:trigger_trapped_chest":1,"minecraft:damage_dealt":11271,"minecraft:swim_one_cm":42500,"minecraft:fly_one_cm":474256,"minecraft:open_chest":113,"minecraft:crouch_one_cm":16633,"tombstone:undead_killed":35,"minecraft:fall_one_cm":77364}},"DataVersion":3120}