{"stats":{"minecraft:crafted":{"minecraft:cooked_beef":21,"minecraft:oak_planks":10,"minecraft:crafting_table":1,"iceandfire:armor_copper_metal_leggings":2,"minecraft:copper_ingot":34,"minecraft:bucket":1,"minecraft:stone_axe":1,"iceandfire:armor_copper_metal_boots":2,"minecraft:air":0,"iceandfire:armor_copper_metal_helmet":2,"iceandfire:copper_axe":1,"minecraft:bow":1,"minecraft:stick":12,"minecraft:iron_ingot":18,"minecraft:iron_pickaxe":8,"minecraft:stone_pickaxe":1,"minecraft:wooden_axe":1,"minecraft:torch":164,"minecraft:lapis_block":14},"minecraft:killed":{"minecraft:cave_spider":1,"minecraft:pig":2,"minecraft:spider":5,"minecraft:creeper":3,"minecraft:skeleton":24,"minecraft:zombie":9,"alexsmobs:bison":4,"alexsmobs:centipede_head":1},"minecraft:picked_up":{"minecraft:crafting_table":1,"minecraft:feather":2,"minecraft:glow_ink_sac":3,"minecraft:andesite":29,"minecraft:music_disc_stal":1,"iceandfire:armor_copper_metal_chestplate":1,"minecraft:brown_bed":1,"alexsmobs:bison_fur":3,"minecraft:enchanted_book":1,"minecraft:tuff":18,"minecraft:oak_log":115,"minecraft:gunpowder":5,"minecraft:lapis_lazuli":220,"minecraft:dirt":42,"minecraft:string":2,"tombstone:gift":1,"minecraft:raw_copper":96,"minecraft:bone":32,"minecraft:apple":5,"minecraft:wheat_seeds":1,"minecraft:cobbled_deepslate":447,"unusualprehistory:paleo_fossil":1,"minecraft:raw_gold":43,"minecraft:beef":36,"unusualprehistory:plant_fossil_item":2,"minecraft:iron_pickaxe":2,"minecraft:stick":47,"minecraft:raw_iron":184,"minecraft:cooked_porkchop":2,"minecraft:torch":54,"iceandfire:silver_ore":3,"minecraft:porkchop":4,"tombstone:grave_dust":4,"minecraft:diorite":1,"minecraft:redstone":130,"minecraft:spider_eye":2,"alexsmobs:centipede_leg":2,"minecraft:bundle":1,"minecraft:arrow":24,"minecraft:rotten_flesh":15,"minecraft:diamond":13,"spartanshields:copper_tower_shield":1,"minecraft:saddle":1,"tombstone:magic_scroll":2,"minecraft:oak_sapling":64,"minecraft:coal":85,"minecraft:cobblestone":79},"minecraft:killed_by":{"minecraft:creeper":1},"minecraft:used":{"minecraft:water_bucket":91,"minecraft:diorite":1,"minecraft:redstone":1,"minecraft:stone_pickaxe":132,"minecraft:cooked_chicken":10,"minecraft:torch":74,"iceandfire:armor_copper_metal_boots":1,"minecraft:dirt":18,"minecraft:crafting_table":1,"cgm:rifle":1,"minecraft:wooden_axe":66,"minecraft:apple":6,"minecraft:iron_pickaxe":817,"minecraft:bread":7,"iceandfire:copper_axe":152,"spartanshields:copper_tower_shield":18,"minecraft:stone_axe":92,"minecraft:cobblestone":25,"iceandfire:armor_copper_metal_helmet":1,"minecraft:oak_sapling":17,"minecraft:cooked_porkchop":2,"minecraft:andesite":22,"minecraft:bucket":91,"tombstone:gift":2,"minecraft:cooked_beef":33,"minecraft:cobbled_deepslate":118,"minecraft:brown_bed":1},"minecraft:broken":{"minecraft:stone_pickaxe":1,"iceandfire:copper_axe":1,"minecraft:iron_pickaxe":2,"minecraft:wooden_axe":1,"iceandfire:armor_copper_metal_helmet":1},"minecraft:mined":{"minecraft:deepslate_redstone_ore":27,"minecraft:tuff":21,"unusualprehistory:deepslate_plant_fossil":2,"minecraft:oak_sapling":1,"iceandfire:silver_ore":3,"minecraft:deepslate_diamond_ore":13,"minecraft:crafting_table":1,"minecraft:torch":5,"minecraft:granite":1,"minecraft:grass_block":4,"unusualprehistory:deepslate_fossil":1,"minecraft:redstone_wire":1,"iceandfire:deepslate_silver_ore":2,"minecraft:copper_ore":18,"minecraft:cobblestone":1,"minecraft:deepslate_coal_ore":3,"minecraft:deepslate_gold_ore":41,"minecraft:lapis_ore":8,"minecraft:diorite":1,"minecraft:wall_torch":6,"minecraft:deepslate_copper_ore":12,"minecraft:redstone_ore":2,"minecraft:iron_ore":53,"minecraft:cobbled_deepslate":9,"minecraft:andesite":29,"minecraft:deepslate_lapis_ore":16,"minecraft:grass":11,"minecraft:oak_log":115,"minecraft:coal_ore":79,"minecraft:deepslate_iron_ore":91,"minecraft:dirt":5,"minecraft:stone":75,"minecraft:gold_ore":2,"minecraft:deepslate":433},"minecraft:dropped":{"minecraft:enchanted_book":1,"minecraft:cooked_beef":1,"minecraft:tuff":1,"minecraft:rotten_flesh":19,"iceandfire:armor_copper_metal_helmet":1,"minecraft:dirt":2,"minecraft:torch":137,"tombstone:magic_scroll":1,"minecraft:andesite":7,"iceandfire:armor_copper_metal_boots":1,"minecraft:spider_eye":1,"tombstone:grave_dust":2,"minecraft:iron_pickaxe":3,"iceandfire:armor_copper_metal_leggings":1,"minecraft:music_disc_stal":1},"minecraft:custom":{"minecraft:interact_with_furnace":63,"minecraft:mob_kills":52,"minecraft:interact_with_crafting_table":26,"minecraft:leave_game":3,"minecraft:time_since_death":8173,"minecraft:sleep_in_bed":1,"minecraft:time_since_rest":8041,"minecraft:sprint_one_cm":365773,"minecraft:damage_taken":4706,"minecraft:walk_one_cm":323309,"minecraft:damage_blocked_by_shield":320,"minecraft:drop":22,"minecraft:damage_dealt":10775,"minecraft:swim_one_cm":33731,"minecraft:fly_one_cm":430526,"minecraft:open_chest":93,"minecraft:play_time":168907,"minecraft:crouch_one_cm":16518,"tombstone:undead_killed":33,"minecraft:deaths":2,"minecraft:sneak_time":8573,"minecraft:walk_under_water_one_cm":21778,"minecraft:jump":2995,"minecraft:walk_on_water_one_cm":37319,"minecraft:total_world_time":168907,"minecraft:fall_one_cm":73902}},"DataVersion":3120}