{"stats":{"minecraft:custom":{"minecraft:mob_kills":125,"minecraft:interact_with_crafting_table":57,"minecraft:bell_ring":1,"minecraft:leave_game":10,"minecraft:time_since_death":105275,"minecraft:climb_one_cm":126,"minecraft:sprint_one_cm":743429,"minecraft:walk_one_cm":724474,"minecraft:damage_blocked_by_shield":883,"minecraft:drop":48,"minecraft:play_time":392481,"minecraft:sneak_time":19676,"minecraft:deaths":3,"minecraft:walk_under_water_one_cm":38986,"minecraft:jump":6169,"minecraft:walk_on_water_one_cm":71050,"minecraft:total_world_time":392481,"minecraft:interact_with_furnace":150,"minecraft:sleep_in_bed":6,"minecraft:time_since_rest":7103,"minecraft:waystone_activated":1,"minecraft:damage_taken":7202,"minecraft:trigger_trapped_chest":2,"minecraft:damage_dealt":11294,"minecraft:swim_one_cm":100163,"minecraft:fly_one_cm":1063629,"minecraft:crouch_one_cm":41087,"minecraft:open_chest":371,"tombstone:undead_killed":57,"minecraft:fall_one_cm":168312},"minecraft:picked_up":{"minecraft:crafting_table":2,"cgm:basic_bullet":832,"unusualprehistory:amber_shard":4,"treasure2:topaz":1,"iceandfire:armor_copper_metal_chestplate":1,"minecraft:brown_bed":1,"minecraft:enchanted_book":1,"unusualprehistory:opal_chunk":3,"minecraft:string":7,"minecraft:raw_copper":1736,"cgm:weighted_stock":2,"minecraft:cracked_stone_bricks":1,"minecraft:cobbled_deepslate":484,"minecraft:gold_nugget":28,"unusualprehistory:paleo_fossil":1,"minecraft:beef":154,"cgm:short_scope":1,"unusualprehistory:plant_fossil_item":3,"minecraft:poppy":1,"minecraft:iron_pickaxe":2,"minecraft:sugar_cane":6,"minecraft:furnace":6,"minecraft:egg":2,"minecraft:stick":47,"minecraft:raw_iron":242,"minecraft:oak_door":2,"minecraft:torch":107,"iceandfire:silver_ore":7,"minecraft:porkchop":5,"minecraft:pointed_dripstone":1,"tombstone:grave_dust":6,"minecraft:diorite":85,"minecraft:redstone":365,"alexsmobs:centipede_leg":2,"minecraft:goat_horn":1,"minecraft:arrow":31,"iceandfire:cyclops_eye":1,"minecraft:rotten_flesh":24,"spartanshields:copper_tower_shield":1,"cgm:assault_rifle":1,"unusualprehistory:opal_fossil":2,"minecraft:saddle":1,"iceandfire:deepslate_silver_ore":4,"minecraft:obsidian":20,"minecraft:mutton":4,"minecraft:skeleton_skull":3,"minecraft:white_wool":8,"minecraft:cobblestone":433,"minecraft:feather":6,"minecraft:cooked_beef":3,"minecraft:glow_ink_sac":3,"minecraft:andesite":82,"minecraft:salmon":3,"minecraft:leather":11,"minecraft:music_disc_stal":1,"minecraft:potato":412,"alexsmobs:bison_fur":19,"minecraft:flint":1,"minecraft:tuff":23,"minecraft:oak_log":117,"iceandfire:ectoplasm":1,"minecraft:gunpowder":9,"minecraft:lapis_lazuli":380,"minecraft:dirt":74,"tombstone:gift":1,"minecraft:bone":85,"minecraft:apple":5,"minecraft:stone_bricks":1,"minecraft:bow":1,"minecraft:wheat_seeds":14,"minecraft:raw_gold":80,"minecraft:iron_ingot":18,"spartanshields:iron_tower_shield":1,"minecraft:cooked_porkchop":2,"minecraft:dandelion":2,"minecraft:poisonous_potato":7,"minecraft:dripstone_block":6,"minecraft:gravel":4,"iceandfire:dragon_skull_fire":2,"cgm:specialised_grip":2,"minecraft:sand":298,"minecraft:ink_sac":11,"minecraft:white_bed":2,"minecraft:spider_eye":3,"minecraft:bundle":1,"minecraft:light_gray_concrete":8,"minecraft:polished_andesite":3,"minecraft:diamond":17,"minecraft:polished_diorite":5,"minecraft:granite":17,"minecraft:bone_meal":1,"minecraft:baked_potato":16,"tombstone:magic_scroll":4,"minecraft:oak_sapling":66,"unusualprehistory:amber_fossil":1,"minecraft:coal":180},"minecraft:crafted":{"minecraft:black_dye":3,"minecraft:light_gray_concrete_powder":8,"minecraft:oak_planks":14,"ironfurnaces:gold_furnace":6,"minecraft:iron_nugget":90,"iceandfire:armor_copper_metal_leggings":2,"ironfurnaces:iron_furnace":6,"minecraft:gray_dye":6,"minecraft:bone_meal":224,"minecraft:gray_wool":4,"iceandfire:armor_copper_metal_boots":2,"iceandfire:armor_copper_metal_helmet":2,"minecraft:lantern":1,"iceandfire:copper_axe":1,"minecraft:bow":1,"minecraft:iron_boots":2,"minecraft:polished_diorite":136,"minecraft:iron_hoe":1,"minecraft:stone_pickaxe":1,"minecraft:chest":2,"cgm:workbench":1,"minecraft:cooked_beef":147,"minecraft:red_dye":1,"minecraft:cooked_porkchop":8,"minecraft:crafting_table":1,"minecraft:iron_helmet":2,"minecraft:baked_potato":181,"minecraft:copper_ingot":57,"minecraft:gold_block":10,"minecraft:bucket":1,"minecraft:stone_axe":1,"minecraft:air":0,"minecraft:iron_chestplate":2,"mining_helmet:mining_helmet":1,"minecraft:stick":16,"minecraft:iron_ingot":152,"minecraft:iron_pickaxe":8,"minecraft:wooden_axe":1,"minecraft:andesite_stairs":16,"minecraft:gold_ingot":128,"minecraft:light_gray_dye":1,"minecraft:white_bed":1,"minecraft:torch":164,"minecraft:lapis_block":34,"minecraft:polished_andesite":196},"minecraft:used":{"ironfurnaces:gold_furnace":6,"minecraft:redstone":1,"minecraft:chest":2,"minecraft:cooked_chicken":10,"minecraft:oak_door":2,"iceandfire:armor_copper_metal_boots":1,"minecraft:torch":118,"minecraft:dirt":70,"cgm:workbench":1,"minecraft:tuff":4,"cgm:rifle":1,"minecraft:granite":1,"minecraft:polished_diorite":141,"minecraft:iron_hoe":68,"minecraft:wooden_axe":66,"iceandfire:copper_axe":152,"minecraft:oak_sapling":17,"iceandfire:armor_copper_metal_helmet":1,"tombstone:gift":3,"minecraft:skeleton_skull":3,"minecraft:egg":1,"minecraft:cooked_beef":42,"minecraft:potato":161,"minecraft:cobbled_deepslate":155,"minecraft:brown_bed":1,"minecraft:water_bucket":124,"minecraft:diorite":3,"minecraft:stone_pickaxe":132,"minecraft:polished_andesite":166,"minecraft:baked_potato":47,"minecraft:crafting_table":2,"minecraft:white_bed":1,"minecraft:light_gray_concrete_powder":8,"minecraft:dripstone_block":4,"minecraft:diamond_pickaxe":1109,"minecraft:apple":6,"minecraft:iron_pickaxe":1075,"minecraft:bread":7,"spartanshields:copper_tower_shield":24,"cgm:assault_rifle":549,"minecraft:stone_axe":105,"minecraft:cobblestone":78,"iceandfire:dragon_skull_fire":1,"minecraft:cooked_porkchop":2,"minecraft:andesite":22,"minecraft:andesite_stairs":16,"minecraft:bucket":125,"minecraft:bone_meal":59},"minecraft:killed_by":{"iceandfire:cyclops":1,"minecraft:creeper":1},"minecraft:broken":{"iceandfire:copper_axe":1,"minecraft:stone_pickaxe":1,"minecraft:iron_pickaxe":4,"minecraft:wooden_axe":1,"iceandfire:armor_copper_metal_helmet":1},"minecraft:killed":{"minecraft:cave_spider":1,"minecraft:spider":8,"alexsmobs:seagull":1,"minecraft:skeleton":38,"minecraft:horse":5,"alexsmobs:bison":21,"alexsmobs:centipede_head":1,"minecraft:pig":3,"iceandfire:cyclops":1,"minecraft:salmon":3,"minecraft:creeper":5,"minecraft:squid":8,"minecraft:zombie":17,"iceandfire:ghost":2,"alexsmobs:crow":4,"minecraft:cow":4},"minecraft:mined":{"minecraft:tuff":28,"minecraft:white_bed":2,"minecraft:oak_sapling":1,"iceandfire:silver_ore":7,"minecraft:deepslate_diamond_ore":17,"unusualprehistory:stone_amber_ore":5,"minecraft:obsidian":20,"minecraft:granite":12,"unusualprehistory:deepslate_opal_ore":7,"minecraft:grass_block":14,"minecraft:redstone_wire":1,"unusualprehistory:deepslate_fossil":1,"unusualprehistory:plant_fossil":1,"iceandfire:deepslate_silver_ore":6,"minecraft:polished_diorite":5,"treasure2:deepslate_topaz_ore":1,"minecraft:large_fern":1,"minecraft:redstone_ore":2,"minecraft:furnace":6,"minecraft:iron_ore":77,"minecraft:cobbled_deepslate":9,"minecraft:andesite":82,"minecraft:deepslate_lapis_ore":41,"minecraft:potatoes":114,"minecraft:skeleton_wall_skull":1,"iceandfire:gold_pile":4,"minecraft:deepslate_iron_ore":125,"minecraft:light_gray_concrete":8,"minecraft:stone":419,"minecraft:deepslate_redstone_ore":81,"unusualprehistory:deepslate_plant_fossil":2,"minecraft:dandelion":2,"minecraft:light_gray_concrete_powder":1,"minecraft:crafting_table":2,"minecraft:torch":5,"minecraft:poppy":1,"minecraft:copper_ore":383,"minecraft:cobblestone":10,"minecraft:deepslate_coal_ore":3,"minecraft:deepslate_gold_ore":67,"minecraft:lapis_ore":10,"minecraft:sugar_cane":4,"minecraft:diorite":89,"minecraft:wall_torch":16,"minecraft:deepslate_copper_ore":115,"minecraft:skeleton_skull":1,"minecraft:grass":36,"minecraft:coal_ore":168,"minecraft:oak_log":115,"minecraft:gravel":5,"minecraft:dripstone_block":6,"minecraft:dirt":6,"minecraft:cracked_stone_bricks":1,"minecraft:stone_bricks":1,"minecraft:polished_andesite":3,"minecraft:gold_ore":13,"minecraft:deepslate":472},"minecraft:dropped":{"minecraft:enchanted_book":1,"minecraft:iron_ingot":59,"minecraft:wheat_seeds":8,"minecraft:cooked_beef":1,"minecraft:iron_helmet":1,"minecraft:cobblestone":32,"minecraft:granite":15,"minecraft:cracked_stone_bricks":1,"minecraft:dirt":38,"minecraft:torch":137,"tombstone:magic_scroll":1,"cgm:weighted_stock":1,"iceandfire:armor_copper_metal_boots":1,"tombstone:grave_dust":2,"minecraft:bone_meal":166,"minecraft:iron_pickaxe":3,"minecraft:music_disc_stal":1,"minecraft:redstone":1,"minecraft:bone":17,"cgm:specialised_grip":1,"minecraft:goat_horn":1,"minecraft:tuff":1,"minecraft:rotten_flesh":19,"minecraft:iron_boots":1,"iceandfire:armor_copper_metal_helmet":1,"minecraft:white_bed":1,"cgm:basic_bullet":86,"minecraft:iron_chestplate":1,"minecraft:andesite":7,"minecraft:spider_eye":2,"minecraft:stone_bricks":1,"iceandfire:armor_copper_metal_leggings":1}},"DataVersion":3120}