{"stats":{"minecraft:mined":{"minecraft:grass_block":1,"minecraft:oak_log":6,"minecraft:crafting_table":1},"minecraft:crafted":{"minecraft:oak_planks":10,"minecraft:crafting_table":1,"minecraft:stick":4,"minecraft:wooden_axe":1},"minecraft:used":{"minecraft:wooden_axe":1,"minecraft:crafting_table":1,"cgm:rifle":1},"minecraft:picked_up":{"minecraft:crafting_table":1,"minecraft:oak_log":6},"minecraft:custom":{"minecraft:time_since_rest":5355,"minecraft:play_time":5355,"minecraft:crouch_one_cm":86,"minecraft:sprint_one_cm":17,"minecraft:walk_one_cm":12543,"minecraft:sneak_time":94,"minecraft:jump":56,"minecraft:damage_dealt":150,"minecraft:time_since_death":5355,"minecraft:total_world_time":5355,"minecraft:fall_one_cm":478,"minecraft:interact_with_crafting_table":1,"minecraft:fly_one_cm":161}},"DataVersion":3120}