{"stats":{"minecraft:custom":{"minecraft:interact_with_crafting_table":81,"minecraft:bell_ring":1,"minecraft:leave_game":12,"minecraft:time_since_death":15052,"minecraft:sprint_one_cm":1136937,"minecraft:damage_blocked_by_shield":963,"minecraft:drop":66,"minecraft:play_time":590010,"minecraft:deaths":5,"minecraft:jump":8967,"minecraft:interact_with_brewingstand":2,"minecraft:walk_on_water_one_cm":119146,"minecraft:enchant_item":1,"minecraft:interact_with_furnace":164,"minecraft:sleep_in_bed":9,"minecraft:waystone_activated":4,"minecraft:damage_dealt":11534,"minecraft:crouch_one_cm":69120,"tombstone:undead_killed":117,"minecraft:mob_kills":221,"minecraft:climb_one_cm":638,"minecraft:walk_one_cm":1138140,"minecraft:sneak_time":30073,"minecraft:walk_under_water_one_cm":66977,"minecraft:total_world_time":590010,"minecraft:interact_with_stonecutter":2,"minecraft:time_since_rest":14948,"minecraft:damage_taken":9195,"minecraft:trigger_trapped_chest":2,"minecraft:swim_one_cm":178754,"minecraft:fly_one_cm":1556565,"minecraft:open_chest":622,"minecraft:fall_one_cm":241674},"minecraft:picked_up":{"cgm:basic_bullet":6656,"unusualprehistory:amber_shard":7,"iceandfire:armor_copper_metal_chestplate":2,"minecraft:brown_bed":1,"minecraft:enchanted_book":5,"minecraft:string":17,"minecraft:raw_copper":3107,"minecraft:iron_leggings":1,"minecraft:cobbled_deepslate":573,"minecraft:gold_nugget":1016,"cgm:short_scope":1,"unusualprehistory:plant_fossil_item":40,"minecraft:iron_pickaxe":5,"alexsmobs:raccoon_tail":1,"iceandfire:dragonscales_red":35,"minecraft:iron_boots":1,"minecraft:furnace":6,"minecraft:stick":66,"iceandfire:armor_copper_metal_leggings":1,"minecraft:torch":128,"iceandfire:silver_ore":28,"minecraft:porkchop":5,"minecraft:pointed_dripstone":1,"tombstone:grave_dust":8,"minecraft:diorite":150,"minecraft:goat_horn":2,"alexsmobs:centipede_leg":2,"minecraft:rotten_flesh":53,"iceandfire:fire_dragon_heart":1,"minecraft:blue_dye":1,"minecraft:obsidian":20,"minecraft:cobblestone":809,"minecraft:enchanting_table":2,"minecraft:feather":7,"minecraft:cooked_beef":3,"minecraft:andesite":221,"minecraft:potato":765,"alexsmobs:bison_fur":24,"minecraft:flint":3,"minecraft:tuff":28,"minecraft:light_gray_dye":1,"minecraft:lantern":10,"alexsmobs:rocky_shell":1,"minecraft:lapis_lazuli":849,"minecraft:dirt":132,"minecraft:bone":112,"minecraft:bow":3,"minecraft:wheat_seeds":23,"minecraft:raw_gold":159,"minecraft:oak_planks":57,"spartanshields:iron_tower_shield":2,"minecraft:cooked_porkchop":2,"iceandfire:dragon_skull_fire":4,"minecraft:poisonous_potato":10,"minecraft:sand":298,"minecraft:ink_sac":31,"alexsmobs:animal_dictionary":2,"iceandfire:chared_cobblestone":14,"minecraft:iron_hoe":1,"minecraft:bundle":1,"minecraft:light_gray_concrete":8,"minecraft:polished_andesite":20,"minecraft:diamond":21,"minecraft:crossbow":1,"minecraft:granite":17,"minecraft:bone_meal":1,"minecraft:oak_sapling":99,"minecraft:crafting_table":2,"minecraft:azure_bluet":3,"minecraft:clay_ball":1,"minecraft:leather_leggings":1,"treasure2:topaz":1,"minecraft:chain":4,"minecraft:brick":1,"minecraft:cornflower":2,"unusualprehistory:opal_chunk":35,"minecraft:item_frame":2,"cgm:weighted_stock":2,"minecraft:cracked_stone_bricks":1,"unusualprehistory:paleo_fossil":1,"minecraft:beef":174,"minecraft:poppy":3,"minecraft:sugar_cane":28,"minecraft:egg":2,"unusualprehistory:tar_fossil_item":8,"minecraft:raw_iron":624,"iceandfire:dragonbone":7,"minecraft:oak_door":4,"ironchest:iron_chest":7,"iceandfire:armor_copper_metal_boots":1,"minecraft:redstone":582,"iceandfire:cyclops_eye":1,"minecraft:arrow":53,"minecraft:stone_shovel":1,"spartanshields:copper_tower_shield":2,"cgm:assault_rifle":1,"minecraft:shears":2,"unusualprehistory:opal_fossil":2,"minecraft:saddle":2,"iceandfire:deepslate_silver_ore":6,"minecraft:mutton":4,"minecraft:white_wool":8,"minecraft:skeleton_skull":5,"minecraft:glow_ink_sac":7,"minecraft:salmon":3,"minecraft:leather":11,"minecraft:music_disc_stal":2,"minecraft:oak_log":210,"iceandfire:ectoplasm":1,"minecraft:golden_boots":1,"minecraft:gunpowder":20,"mca:book_romance":1,"tombstone:gift":1,"minecraft:apple":11,"minecraft:stone_bricks":1,"minecraft:iron_ingot":18,"minecraft:dandelion":5,"minecraft:dripstone_block":6,"minecraft:gravel":5,"cgm:specialised_grip":3,"minecraft:white_bed":2,"minecraft:crying_obsidian":3,"minecraft:spider_eye":5,"treasure2:copper_coin":2,"minecraft:polished_diorite":11,"minecraft:stone_axe":1,"minecraft:iron_helmet":1,"minecraft:baked_potato":16,"tombstone:magic_scroll":8,"minecraft:black_wool":1,"unusualprehistory:amber_fossil":5,"minecraft:coal":730,"minecraft:pink_dye":1,"unusualprehistory:mezo_fossil":29,"minecraft:ender_pearl":1},"minecraft:crafted":{"minecraft:black_dye":3,"minecraft:light_gray_concrete_powder":8,"minecraft:oak_planks":14,"ironfurnaces:iron_furnace":6,"minecraft:bookshelf":13,"minecraft:gray_wool":4,"iceandfire:armor_copper_metal_boots":3,"iceandfire:copper_axe":1,"minecraft:bow":5,"minecraft:iron_boots":2,"iceandfire:armor_copper_metal_chestplate":1,"minecraft:chest":2,"minecraft:item_frame":5,"minecraft:cooked_porkchop":8,"enchantinginfuser:enchanting_infuser":1,"minecraft:crafting_table":1,"minecraft:iron_helmet":2,"minecraft:baked_potato":181,"minecraft:copper_ingot":57,"minecraft:gold_block":10,"minecraft:iron_chestplate":2,"minecraft:book":5,"mining_helmet:mining_helmet":1,"minecraft:paper":15,"minecraft:diamond_pickaxe":1,"minecraft:stick":48,"minecraft:iron_ingot":180,"minecraft:iron_pickaxe":8,"minecraft:andesite_stairs":16,"minecraft:gold_ingot":128,"minecraft:light_gray_dye":1,"minecraft:polished_andesite":328,"ironfurnaces:gold_furnace":6,"minecraft:iron_nugget":432,"iceandfire:armor_copper_metal_leggings":2,"minecraft:gray_dye":6,"minecraft:bone_meal":224,"iceandfire:armor_copper_metal_helmet":2,"minecraft:lantern":17,"minecraft:polished_diorite":188,"minecraft:iron_axe":1,"minecraft:iron_hoe":1,"minecraft:stone_pickaxe":1,"cgm:workbench":1,"minecraft:cooked_beef":147,"minecraft:red_dye":1,"ironchest:gold_chest":4,"ironchest:wood_to_iron_chest_upgrade":9,"minecraft:enchanting_table":1,"minecraft:bucket":1,"minecraft:stone_axe":1,"minecraft:air":0,"minecraft:wooden_axe":1,"minecraft:white_bed":1,"minecraft:torch":164,"minecraft:lapis_block":34},"minecraft:used":{"minecraft:chest":2,"ironchest:iron_chest":3,"minecraft:tuff":9,"minecraft:lantern":26,"minecraft:item_frame":7,"minecraft:oak_sapling":50,"minecraft:skeleton_skull":3,"minecraft:egg":1,"minecraft:potato":224,"minecraft:diorite":4,"minecraft:stone_pickaxe":132,"minecraft:oak_planks":28,"minecraft:sugar_cane":15,"minecraft:dripstone_block":4,"minecraft:bread":7,"minecraft:gravel":1,"cgm:assault_rifle":1185,"iceandfire:chared_cobblestone":13,"iceandfire:dragon_skull_fire":3,"minecraft:andesite":27,"minecraft:bone_meal":59,"ironchest:wood_to_iron_chest_upgrade":8,"ironfurnaces:gold_furnace":6,"minecraft:enchanting_table":2,"minecraft:stone_shovel":37,"minecraft:redstone":1,"minecraft:cooked_chicken":10,"minecraft:oak_door":4,"minecraft:torch":126,"iceandfire:armor_copper_metal_boots":1,"minecraft:brewing_stand":1,"minecraft:dirt":115,"cgm:workbench":1,"cgm:rifle":1,"minecraft:granite":1,"minecraft:polished_diorite":175,"minecraft:iron_hoe":69,"minecraft:wooden_axe":66,"minecraft:bookshelf":13,"iceandfire:copper_axe":152,"iceandfire:armor_copper_metal_helmet":1,"ironchest:gold_chest":4,"tombstone:gift":3,"minecraft:cooked_beef":43,"minecraft:cobbled_deepslate":244,"minecraft:brown_bed":1,"minecraft:water_bucket":136,"minecraft:polished_andesite":344,"minecraft:baked_potato":90,"spartanshields:iron_tower_shield":2,"minecraft:crafting_table":2,"minecraft:white_bed":1,"minecraft:light_gray_concrete_powder":8,"minecraft:diamond_pickaxe":2894,"minecraft:apple":6,"minecraft:iron_pickaxe":1075,"spartanshields:copper_tower_shield":24,"minecraft:stone_axe":185,"enchantinginfuser:enchanting_infuser":1,"minecraft:cobblestone":165,"minecraft:cooked_porkchop":2,"minecraft:andesite_stairs":16,"minecraft:bucket":137},"minecraft:killed_by":{"iceandfire:cyclops":1,"minecraft:creeper":1,"iceandfire:fire_dragon":2},"minecraft:broken":{"minecraft:stone_pickaxe":1,"minecraft:stone_axe":1,"minecraft:wooden_axe":1,"iceandfire:armor_copper_metal_helmet":1,"iceandfire:copper_axe":1,"minecraft:iron_pickaxe":4},"minecraft:dropped":{"minecraft:cooked_beef":1,"minecraft:cracked_stone_bricks":1,"minecraft:dirt":38,"minecraft:cornflower":2,"iceandfire:armor_copper_metal_boots":1,"minecraft:chain":4,"minecraft:bone_meal":166,"minecraft:iron_pickaxe":3,"minecraft:music_disc_stal":1,"minecraft:bone":17,"minecraft:goat_horn":1,"minecraft:rotten_flesh":19,"minecraft:azure_bluet":3,"minecraft:white_bed":1,"minecraft:poppy":2,"cgm:basic_bullet":86,"iceandfire:armor_copper_metal_leggings":1,"minecraft:enchanted_book":1,"minecraft:iron_ingot":59,"spartanshields:iron_tower_shield":1,"minecraft:wheat_seeds":15,"minecraft:iron_helmet":1,"minecraft:cobblestone":32,"minecraft:granite":15,"tombstone:magic_scroll":1,"cgm:weighted_stock":1,"minecraft:torch":137,"tombstone:grave_dust":4,"minecraft:string":1,"minecraft:dandelion":4,"minecraft:redstone":1,"cgm:specialised_grip":1,"minecraft:tuff":1,"minecraft:iron_boots":1,"iceandfire:armor_copper_metal_helmet":1,"iceandfire:chared_cobblestone":1,"minecraft:iron_chestplate":1,"minecraft:andesite":7,"minecraft:stone_bricks":1,"minecraft:spider_eye":3},"minecraft:killed":{"minecraft:cave_spider":1,"minecraft:spider":17,"minecraft:skeleton":64,"alexsmobs:centipede_head":1,"minecraft:pig":3,"minecraft:salmon":3,"minecraft:creeper":22,"minecraft:zombie":49,"minecraft:glow_squid":1,"minecraft:cow":4,"alexsmobs:seagull":1,"minecraft:horse":5,"iceandfire:fire_dragon":1,"minecraft:drowned":2,"alexsmobs:bison":24,"iceandfire:cyclops":1,"minecraft:bat":1,"minecraft:squid":8,"iceandfire:ghost":2,"unusualprehistory:sludge":2,"alexsmobs:crow":5,"minecraft:enderman":1},"minecraft:mined":{"minecraft:white_bed":2,"minecraft:oak_sapling":2,"unusualprehistory:stone_amber_ore":8,"minecraft:obsidian":20,"minecraft:granite":12,"minecraft:grass_block":17,"unusualprehistory:deepslate_opal_ore":21,"unusualprehistory:deepslate_fossil":1,"unusualprehistory:plant_fossil":19,"minecraft:polished_diorite":11,"minecraft:iron_ore":257,"minecraft:cobbled_deepslate":26,"minecraft:deepslate_lapis_ore":74,"minecraft:enchanting_table":2,"minecraft:skeleton_wall_skull":1,"iceandfire:gold_pile":91,"minecraft:light_gray_concrete":8,"iceandfire:chared_cobblestone":14,"minecraft:deepslate_redstone_ore":112,"minecraft:torch":10,"minecraft:poppy":1,"minecraft:cobblestone":70,"minecraft:sugar_cane":12,"minecraft:wall_torch":30,"minecraft:deepslate_copper_ore":127,"minecraft:skeleton_skull":1,"unusualprehistory:stone_fossil":16,"minecraft:grass":40,"minecraft:oak_log":173,"minecraft:dirt":61,"minecraft:deepslate":549,"minecraft:crying_obsidian":3,"minecraft:tuff":33,"iceandfire:silver_ore":28,"minecraft:deepslate_diamond_ore":19,"minecraft:redstone_wire":1,"iceandfire:deepslate_silver_ore":8,"treasure2:deepslate_topaz_ore":1,"minecraft:large_fern":1,"minecraft:redstone_ore":11,"minecraft:furnace":6,"minecraft:andesite":225,"minecraft:potatoes":175,"minecraft:deepslate_iron_ore":162,"minecraft:lantern":10,"ironchest:iron_chest":7,"minecraft:stone":750,"unusualprehistory:deepslate_plant_fossil":4,"unusualprehistory:stone_opal_ore":1,"minecraft:dandelion":2,"minecraft:crafting_table":2,"minecraft:light_gray_concrete_powder":1,"minecraft:copper_ore":587,"minecraft:deepslate_coal_ore":3,"minecraft:lapis_ore":16,"minecraft:deepslate_gold_ore":108,"minecraft:diorite":152,"minecraft:air":19,"minecraft:coal_ore":468,"minecraft:gravel":7,"minecraft:dripstone_block":6,"minecraft:cracked_stone_bricks":1,"minecraft:polished_andesite":20,"minecraft:stone_bricks":1,"minecraft:gold_ore":18}},"DataVersion":3120}