{"stats":{"minecraft:crafted":{"minecraft:cooked_beef":21,"minecraft:oak_planks":10,"minecraft:crafting_table":1,"iceandfire:armor_copper_metal_leggings":2,"minecraft:copper_ingot":34,"minecraft:bucket":1,"minecraft:stone_axe":1,"iceandfire:armor_copper_metal_boots":2,"minecraft:air":0,"iceandfire:armor_copper_metal_helmet":2,"iceandfire:copper_axe":1,"minecraft:bow":1,"minecraft:stick":4,"minecraft:iron_ingot":15,"minecraft:iron_pickaxe":4,"minecraft:stone_pickaxe":1,"minecraft:wooden_axe":1,"minecraft:torch":164},"minecraft:killed":{"minecraft:pig":2,"minecraft:spider":1,"minecraft:creeper":2,"minecraft:skeleton":7,"minecraft:zombie":2,"alexsmobs:bison":4},"minecraft:picked_up":{"minecraft:crafting_table":1,"minecraft:feather":2,"minecraft:glow_ink_sac":3,"minecraft:andesite":29,"iceandfire:armor_copper_metal_chestplate":1,"minecraft:brown_bed":1,"alexsmobs:bison_fur":3,"minecraft:oak_log":115,"minecraft:gunpowder":4,"minecraft:lapis_lazuli":30,"minecraft:dirt":18,"minecraft:string":1,"minecraft:raw_copper":96,"minecraft:bone":11,"minecraft:apple":5,"unusualprehistory:paleo_fossil":1,"minecraft:wheat_seeds":1,"minecraft:cobbled_deepslate":59,"minecraft:raw_gold":6,"minecraft:beef":36,"unusualprehistory:plant_fossil_item":2,"minecraft:stick":47,"minecraft:raw_iron":87,"minecraft:cooked_porkchop":2,"minecraft:torch":3,"iceandfire:silver_ore":3,"minecraft:porkchop":4,"tombstone:grave_dust":2,"minecraft:diorite":1,"minecraft:redstone":96,"minecraft:arrow":5,"minecraft:rotten_flesh":4,"spartanshields:copper_tower_shield":1,"tombstone:magic_scroll":1,"minecraft:oak_sapling":64,"minecraft:coal":56,"minecraft:cobblestone":50},"minecraft:used":{"minecraft:water_bucket":4,"minecraft:diorite":1,"minecraft:stone_pickaxe":132,"minecraft:torch":15,"iceandfire:armor_copper_metal_boots":1,"minecraft:dirt":18,"minecraft:crafting_table":1,"cgm:rifle":1,"minecraft:wooden_axe":66,"minecraft:apple":3,"minecraft:iron_pickaxe":155,"iceandfire:copper_axe":39,"spartanshields:copper_tower_shield":16,"minecraft:stone_axe":79,"minecraft:cobblestone":13,"minecraft:cooked_porkchop":2,"minecraft:oak_sapling":17,"iceandfire:armor_copper_metal_helmet":1,"minecraft:andesite":22,"minecraft:bucket":5,"minecraft:cooked_beef":13,"minecraft:cobbled_deepslate":28,"minecraft:brown_bed":1},"minecraft:broken":{"minecraft:stone_pickaxe":1,"minecraft:wooden_axe":1},"minecraft:mined":{"minecraft:deepslate_redstone_ore":20,"unusualprehistory:deepslate_plant_fossil":2,"minecraft:oak_sapling":1,"iceandfire:silver_ore":3,"minecraft:crafting_table":1,"minecraft:torch":3,"minecraft:grass_block":3,"unusualprehistory:deepslate_fossil":1,"minecraft:copper_ore":18,"minecraft:cobblestone":1,"minecraft:deepslate_gold_ore":6,"minecraft:lapis_ore":1,"minecraft:diorite":1,"minecraft:deepslate_copper_ore":12,"minecraft:redstone_ore":2,"minecraft:iron_ore":19,"minecraft:andesite":29,"minecraft:deepslate_lapis_ore":4,"minecraft:grass":11,"minecraft:coal_ore":54,"minecraft:oak_log":115,"minecraft:deepslate_iron_ore":26,"minecraft:stone":38,"minecraft:deepslate":48},"minecraft:dropped":{"minecraft:cooked_beef":1,"iceandfire:armor_copper_metal_helmet":1,"minecraft:torch":80,"minecraft:andesite":7,"iceandfire:armor_copper_metal_boots":1,"minecraft:iron_pickaxe":2,"iceandfire:armor_copper_metal_leggings":1},"minecraft:custom":{"minecraft:interact_with_furnace":53,"minecraft:mob_kills":20,"minecraft:interact_with_crafting_table":22,"minecraft:leave_game":2,"minecraft:time_since_death":73202,"minecraft:sleep_in_bed":1,"minecraft:time_since_rest":26007,"minecraft:sprint_one_cm":134400,"minecraft:damage_taken":1189,"minecraft:walk_one_cm":134582,"minecraft:damage_blocked_by_shield":240,"minecraft:drop":9,"minecraft:damage_dealt":3986,"minecraft:fly_one_cm":160189,"minecraft:open_chest":55,"minecraft:crouch_one_cm":9275,"minecraft:play_time":73202,"tombstone:undead_killed":9,"minecraft:sneak_time":3840,"minecraft:walk_under_water_one_cm":1049,"minecraft:jump":1231,"minecraft:walk_on_water_one_cm":8317,"minecraft:total_world_time":73202,"minecraft:fall_one_cm":31123}},"DataVersion":3120}