{"stat.pickup.minecraft.rotten_flesh":5,"stat.chestOpened":1,"stat.walkOneCm":24247,"stat.pickup.minecraft.bone":8,"stat.craftItem.minecraft.planks":16,"stat.leaveGame":2,"stat.mineBlock.minecraft.vine":3,"stat.pickup.minecraft.arrow":2,"stat.damageTaken":510,"stat.killEntity.Spider":1,"stat.dispenserInspected":2,"stat.mobKills":1,"stat.mineBlock.minecraft.log":4,"stat.pickup.minecraft.planks":16,"stat.pickup.minecraft.log":4,"stat.pickup.minecraft.string":2,"stat.flyOneCm":16531,"stat.deaths":1,"stat.jump":119,"stat.mineBlock.minecraft.leaves":3,"stat.playOneMinute":7321,"stat.fallOneCm":5408,"stat.climbOneCm":117,"stat.pickup.minecraft.iron_ingot":5,"stat.sneakTime":722,"stat.entityKilledBy.Skeleton":1,"stat.damageDealt":185,"stat.crouchOneCm":1809,"stat.timeSinceDeath":1202,"stat.pickup.minecraft.spider_eye":1,"stat.useItem.minecraft.spider_eye":1,"stat.sprintOneCm":17339,"stat.pickup.minecraft.gold_ingot":5}