{"stats":{"minecraft:crafted":{"minecraft:cooked_beef":67,"minecraft:oak_door":3,"minecraft:oak_planks":332,"minecraft:cooked_porkchop":3,"minecraft:crafting_table":7,"minecraft:cooked_chicken":10,"minecraft:wooden_pickaxe":1,"spartanshields:wooden_tower_shield":2,"minecraft:furnace":26,"minecraft:copper_ingot":39,"minecraft:stone_axe":2,"minecraft:air":0,"minecraft:stick":16,"spartanshields:copper_tower_shield":2,"minecraft:brown_wool":3,"iceandfire:armor_copper_metal_chestplate":2,"minecraft:stone_pickaxe":6,"minecraft:white_bed":1,"minecraft:stone_sword":2,"minecraft:chest":8,"easyhammers:stone_hammer":1,"minecraft:torch":24},"minecraft:killed":{"minecraft:pig":2,"minecraft:spider":3,"minecraft:creeper":2,"minecraft:skeleton":5,"minecraft:sheep":6,"minecraft:zombie":10,"minecraft:chicken":10,"alexsmobs:bison":9,"alexsmobs:fly":1,"minecraft:cow":3},"minecraft:picked_up":{"minecraft:crafting_table":4,"minecraft:feather":12,"minecraft:cooked_beef":16,"minecraft:chicken":10,"minecraft:andesite":246,"minecraft:leather":3,"minecraft:potato":1,"alexsmobs:bison_fur":12,"minecraft:oak_log":113,"minecraft:gunpowder":2,"iceandfire:armor_copper_metal_helmet":1,"minecraft:dirt":95,"minecraft:string":3,"minecraft:raw_copper":49,"minecraft:bone":2,"minecraft:apple":4,"minecraft:bow":2,"minecraft:wheat_seeds":7,"minecraft:beef":67,"minecraft:sugar_cane":4,"minecraft:chest":4,"minecraft:oak_planks":3,"minecraft:egg":2,"minecraft:furnace":6,"minecraft:stick":31,"minecraft:raw_iron":2,"minecraft:copper_ingot":4,"iceandfire:armor_copper_metal_leggings":1,"minecraft:torch":8,"minecraft:dandelion":1,"iceandfire:silver_ore":7,"minecraft:gravel":14,"minecraft:porkchop":3,"minecraft:diorite":76,"iceandfire:armor_copper_metal_boots":1,"minecraft:spider_eye":1,"minecraft:bundle":2,"minecraft:arrow":8,"minecraft:rotten_flesh":6,"minecraft:granite":3,"alexsmobs:maggot":2,"minecraft:oak_sapling":46,"minecraft:black_wool":1,"minecraft:mutton":8,"minecraft:coal":145,"minecraft:white_wool":5,"minecraft:cobblestone":668,"minecraft:oxeye_daisy":1},"minecraft:killed_by":{"minecraft:creeper":1},"minecraft:used":{"minecraft:diorite":26,"minecraft:stone_sword":192,"easyhammers:stone_hammer":59,"iceandfire:armor_copper_metal_leggings":1,"minecraft:stone_pickaxe":655,"minecraft:oak_planks":3,"minecraft:chest":12,"minecraft:wooden_pickaxe":3,"minecraft:oak_door":2,"minecraft:torch":23,"iceandfire:silver_ore":1,"iceandfire:armor_copper_metal_boots":1,"minecraft:dirt":88,"minecraft:crafting_table":10,"minecraft:white_bed":1,"minecraft:granite":2,"minecraft:apple":1,"spartanshields:copper_tower_shield":44,"minecraft:stone_axe":140,"minecraft:cobblestone":69,"iceandfire:armor_copper_metal_helmet":1,"minecraft:furnace":24,"minecraft:cooked_porkchop":1,"minecraft:andesite":57,"tombstone:gift":4,"minecraft:cooked_beef":15},"minecraft:broken":{"minecraft:stone_pickaxe":4,"minecraft:stone_sword":1,"minecraft:stone_axe":1},"minecraft:mined":{"iceandfire:silver_ore":5,"minecraft:crafting_table":4,"minecraft:granite":3,"minecraft:grass_block":15,"minecraft:chest":4,"minecraft:tall_grass":12,"minecraft:copper_ore":13,"minecraft:cobblestone":4,"minecraft:oak_planks":3,"minecraft:sugar_cane":2,"minecraft:diorite":76,"minecraft:oxeye_daisy":2,"minecraft:wall_torch":7,"minecraft:furnace":6,"minecraft:iron_ore":2,"minecraft:andesite":159,"minecraft:grass":32,"minecraft:oak_log":113,"minecraft:coal_ore":92,"minecraft:gravel":7,"minecraft:dirt":26,"minecraft:stone":355,"minecraft:oak_leaves":8},"minecraft:dropped":{"minecraft:cooked_porkchop":2,"iceandfire:armor_copper_metal_chestplate":1,"minecraft:cobblestone":10,"spartanshields:copper_tower_shield":1,"minecraft:oak_sapling":8,"minecraft:wooden_pickaxe":1},"minecraft:custom":{"minecraft:interact_with_furnace":64,"minecraft:mob_kills":51,"minecraft:interact_with_crafting_table":43,"minecraft:leave_game":3,"minecraft:time_since_death":87107,"minecraft:sleep_in_bed":1,"minecraft:time_since_rest":47087,"minecraft:sprint_one_cm":130605,"minecraft:damage_taken":2053,"minecraft:walk_one_cm":281753,"minecraft:damage_blocked_by_shield":890,"minecraft:drop":6,"minecraft:damage_dealt":9431,"minecraft:fly_one_cm":208257,"minecraft:open_chest":55,"minecraft:play_time":134559,"minecraft:crouch_one_cm":37760,"tombstone:undead_killed":15,"minecraft:deaths":2,"minecraft:sneak_time":18437,"minecraft:jump":1483,"minecraft:walk_on_water_one_cm":15602,"minecraft:total_world_time":134559,"minecraft:fall_one_cm":35564}},"DataVersion":3120}