{"stats":{"minecraft:custom":{"minecraft:interact_with_crafting_table":78,"minecraft:leave_game":7,"minecraft:time_since_death":25420,"minecraft:sprint_one_cm":909930,"minecraft:damage_blocked_by_shield":2480,"minecraft:drop":32,"minecraft:play_time":527181,"minecraft:deaths":5,"minecraft:jump":8209,"minecraft:walk_on_water_one_cm":84423,"minecraft:interact_with_furnace":126,"minecraft:sleep_in_bed":11,"minecraft:waystone_activated":2,"minecraft:damage_dealt":29851,"minecraft:crouch_one_cm":142007,"tombstone:undead_killed":79,"minecraft:mob_kills":194,"minecraft:climb_one_cm":1412,"minecraft:walk_one_cm":1084984,"minecraft:sneak_time":57928,"minecraft:walk_under_water_one_cm":22685,"minecraft:total_world_time":527181,"tombstone:raider_killed":5,"minecraft:interact_with_stonecutter":1,"minecraft:time_since_rest":18368,"minecraft:damage_taken":7729,"minecraft:trigger_trapped_chest":3,"minecraft:swim_one_cm":47131,"minecraft:fly_one_cm":1545181,"minecraft:open_chest":372,"minecraft:fall_one_cm":214197},"minecraft:picked_up":{"minecraft:iron_chestplate":1,"cgm:basic_bullet":597,"treasure2:viking_chest":2,"minecraft:wither_rose":1,"minecraft:brewing_stand":1,"minecraft:amethyst_block":5,"minecraft:string":32,"minecraft:raw_copper":627,"minecraft:gold_nugget":18,"treasure2:stone_key":2,"minecraft:cobbled_deepslate":268,"unusualprehistory:plant_fossil_item":29,"minecraft:calcite":9,"minecraft:iron_pickaxe":2,"alexsmobs:raccoon_tail":1,"minecraft:iron_boots":1,"minecraft:furnace":7,"minecraft:stick":42,"iceandfire:armor_copper_metal_leggings":1,"minecraft:torch":165,"iceandfire:silver_ore":15,"minecraft:porkchop":12,"tombstone:grave_dust":19,"minecraft:pointed_dripstone":8,"minecraft:diorite":128,"minecraft:goat_horn":1,"minecraft:rotten_flesh":44,"iceandfire:fire_dragon_heart":1,"alexsmobs:lobster_tail":1,"minecraft:cobblestone":1108,"minecraft:feather":21,"minecraft:cooked_beef":16,"minecraft:andesite":295,"minecraft:brown_wool":1,"minecraft:potato":196,"alexsmobs:bison_fur":14,"minecraft:tuff":26,"alexsmobs:rocky_shell":1,"minecraft:lapis_lazuli":192,"minecraft:dirt":201,"minecraft:light_gray_concrete_powder":1,"minecraft:bone":21,"minecraft:stonecutter":1,"minecraft:bow":3,"minecraft:wheat_seeds":16,"minecraft:raw_gold":45,"minecraft:oak_planks":18,"iceandfire:podium_spruce":1,"iceandfire:dragon_skull_fire":3,"minecraft:sand":316,"minecraft:bundle":2,"cgm:pistol":1,"minecraft:light_gray_concrete":2,"minecraft:diamond":3,"iceandfire:lectern":1,"waystones:waystone":1,"treasure2:sapphire":2,"minecraft:granite":33,"minecraft:bone_meal":166,"minecraft:golden_apple":5,"alexsmobs:maggot":3,"minecraft:oak_sapling":46,"iceandfire:silver_nugget":10,"minecraft:crafting_table":4,"minecraft:chicken":15,"minecraft:clay_ball":1,"minecraft:leather_leggings":1,"minecraft:brick":1,"minecraft:cornflower":1,"cgm:weighted_stock":1,"iceandfire:graveyard_soil":1,"unusualprehistory:paleo_fossil":6,"treasure2:ruby":1,"minecraft:beef":102,"minecraft:poppy":2,"minecraft:chest":4,"minecraft:sugar_cane":7,"minecraft:egg":4,"unusualprehistory:tar_fossil_item":7,"treasure2:copper_short_sword":1,"minecraft:raw_iron":205,"minecraft:sandstone":6,"iceandfire:dragonbone":8,"iceandfire:dragonscales_gray":18,"minecraft:copper_ingot":28,"treasure2:pilferers_lock_pick":1,"iceandfire:armor_copper_metal_boots":1,"minecraft:redstone":14,"minecraft:arrow":24,"minecraft:cooked_cod":2,"minecraft:saddle":1,"iceandfire:deepslate_silver_ore":13,"minecraft:mutton":29,"minecraft:skeleton_skull":4,"minecraft:white_wool":62,"minecraft:oxeye_daisy":2,"treasure2:chipped_copper_short_sword":1,"minecraft:glow_ink_sac":1,"minecraft:leather":17,"minecraft:music_disc_stal":1,"minecraft:oak_log":113,"iceandfire:ectoplasm":6,"minecraft:golden_boots":1,"minecraft:gunpowder":15,"iceandfire:armor_copper_metal_helmet":1,"tombstone:gift":1,"minecraft:apple":4,"iceandfire:pixie_jar_empty":1,"minecraft:stone_pickaxe":1,"minecraft:iron_ingot":64,"iceandfire:fire_dragon_flesh":3,"minecraft:book":36,"iceandfire:copper_nugget":14,"minecraft:smooth_basalt":12,"minecraft:sweet_berries":40,"minecraft:pumpkin":15,"minecraft:dandelion":1,"minecraft:dripstone_block":7,"minecraft:gravel":23,"cgm:specialised_grip":1,"minecraft:amethyst_shard":8,"minecraft:spruce_sapling":1,"minecraft:white_bed":1,"minecraft:spider_eye":6,"treasure2:copper_coin":2,"minecraft:iron_helmet":1,"minecraft:black_wool":3,"minecraft:coal":197,"unusualprehistory:mezo_fossil":2},"minecraft:crafted":{"minecraft:oak_planks":332,"minecraft:cooked_chicken":10,"spartanshields:wooden_tower_shield":4,"usefulbackpacks:backpack_small":2,"iceandfire:armor_copper_metal_chestplate":2,"minecraft:chest":14,"minecraft:cooked_porkchop":3,"minecraft:crafting_table":9,"spartanshields:iron_tower_shield":2,"minecraft:wooden_pickaxe":1,"minecraft:baked_potato":174,"minecraft:brown_bed":1,"minecraft:copper_ingot":81,"minecraft:stick":44,"usefulbackpacks:backpack_large":2,"minecraft:iron_ingot":126,"minecraft:iron_pickaxe":2,"minecraft:stone_sword":3,"minecraft:light_gray_dye":1,"easyhammers:stone_hammer":1,"minecraft:shears":2,"minecraft:oak_door":3,"minecraft:stone_shovel":3,"minecraft:furnace":27,"minecraft:bone_meal":30,"minecraft:pink_dye":2,"minecraft:leather":22,"spartanshields:copper_tower_shield":2,"minecraft:stone_pickaxe":6,"usefulbackpacks:backpack_medium":2,"minecraft:cooked_beef":83,"minecraft:red_dye":1,"minecraft:iron_sword":2,"minecraft:bucket":1,"minecraft:stone_axe":2,"minecraft:air":0,"minecraft:blue_dye":1,"minecraft:white_wool":4,"minecraft:white_dye":6,"minecraft:brown_wool":3,"minecraft:iron_leggings":1,"minecraft:white_bed":1,"minecraft:torch":48},"minecraft:used":{"iceandfire:lectern":1,"treasure2:viking_chest":2,"treasure2:pirate_chest":1,"minecraft:chest":18,"minecraft:iron_sword":309,"minecraft:iron_chestplate":1,"minecraft:tuff":22,"minecraft:furnace":25,"minecraft:skeleton_skull":2,"minecraft:egg":1,"minecraft:potato":70,"minecraft:diorite":55,"easyhammers:stone_hammer":64,"minecraft:stone_pickaxe":918,"minecraft:oak_planks":4,"minecraft:wooden_pickaxe":3,"minecraft:sandstone":3,"iceandfire:podium_spruce":1,"minecraft:glow_berries":15,"minecraft:sand":2,"minecraft:dripstone_block":7,"minecraft:shears":40,"waystones:waystone":1,"minecraft:gravel":2,"iceandfire:dragon_skull_fire":4,"minecraft:andesite":127,"minecraft:bone_meal":180,"minecraft:cobweb":14,"minecraft:stone_sword":360,"iceandfire:armor_copper_metal_leggings":1,"minecraft:stone_shovel":307,"minecraft:oak_door":2,"minecraft:torch":174,"iceandfire:silver_ore":1,"iceandfire:armor_copper_metal_boots":1,"minecraft:brewing_stand":1,"minecraft:dirt":142,"minecraft:granite":4,"iceandfire:armor_copper_metal_helmet":1,"tombstone:gift":10,"minecraft:cooked_beef":63,"minecraft:cobbled_deepslate":149,"minecraft:iron_leggings":1,"minecraft:water_bucket":15,"cgm:pistol":220,"minecraft:baked_potato":40,"minecraft:stonecutter":1,"spartanshields:iron_tower_shield":25,"minecraft:crafting_table":12,"minecraft:white_bed":1,"minecraft:light_gray_concrete_powder":1,"minecraft:apple":1,"minecraft:iron_pickaxe":1105,"iceandfire:graveyard_soil":1,"spartanshields:copper_tower_shield":91,"minecraft:stone_axe":178,"minecraft:cobblestone":275,"minecraft:cooked_porkchop":1,"minecraft:porkchop":2,"minecraft:bucket":16},"minecraft:killed_by":{"iceandfire:cyclops":1,"minecraft:creeper":2,"iceandfire:fire_dragon":1},"minecraft:broken":{"spartanshields:copper_tower_shield":1,"minecraft:stone_pickaxe":7,"minecraft:stone_axe":1,"minecraft:iron_sword":1,"minecraft:stone_shovel":2,"iceandfire:armor_copper_metal_helmet":1,"minecraft:stone_sword":2,"iceandfire:armor_copper_metal_leggings":1,"minecraft:iron_pickaxe":4},"minecraft:dropped":{"minecraft:cooked_beef":2,"minecraft:baked_potato":16,"minecraft:cooked_porkchop":2,"minecraft:sand":298,"minecraft:iron_pickaxe":1,"minecraft:white_wool":2,"usefulbackpacks:backpack_large":1,"minecraft:goat_horn":1,"cgm:basic_bullet":127,"minecraft:skeleton_skull":1,"spartanshields:iron_tower_shield":1,"iceandfire:armor_copper_metal_chestplate":1,"minecraft:cobblestone":10,"minecraft:copper_ingot":42,"treasure2:stone_key":1,"minecraft:torch":31,"minecraft:raw_iron":43,"minecraft:light_gray_concrete":2,"minecraft:bundle":1,"spartanshields:copper_tower_shield":1,"minecraft:oak_sapling":8,"minecraft:brown_bed":1,"minecraft:wooden_pickaxe":1},"minecraft:killed":{"alexsmobs:lobster":1,"minecraft:cave_spider":3,"minecraft:spider":10,"minecraft:skeleton":23,"minecraft:chicken":15,"minecraft:pig":6,"minecraft:iron_golem":1,"minecraft:creeper":19,"minecraft:sheep":20,"minecraft:pillager":5,"minecraft:zombie":39,"alexsmobs:cachalot_whale":1,"alexsmobs:fly":2,"minecraft:cow":16,"mca:male_zombie_villager":1,"alexsmobs:raccoon":1,"alexsmobs:seagull":1,"alexsmobs:blue_jay":1,"iceandfire:fire_dragon":1,"alexsmobs:bison":10,"alexsmobs:rocky_roller":1,"treasure2:bound_soul":1,"minecraft:bat":1,"iceandfire:ghost":15,"unusualprehistory:sludge":1,"alexsmobs:crow":1},"minecraft:mined":{"iceandfire:graveyard_soil":1,"iceandfire:copper_pile":2,"minecraft:brewing_stand":1,"minecraft:granite":24,"minecraft:budding_amethyst":2,"minecraft:grass_block":37,"unusualprehistory:deepslate_fossil":6,"unusualprehistory:plant_fossil":20,"iceandfire:lectern":1,"minecraft:oxeye_daisy":3,"minecraft:fire":1,"minecraft:iron_ore":111,"minecraft:cobbled_deepslate":9,"minecraft:pumpkin":15,"minecraft:deepslate_lapis_ore":21,"minecraft:pointed_dripstone":4,"iceandfire:gold_pile":3,"unusualprehistory:stone_tar_fossil":3,"minecraft:deepslate_redstone_ore":3,"minecraft:medium_amethyst_bud":1,"minecraft:amethyst_cluster":2,"minecraft:torch":4,"minecraft:calcite":9,"minecraft:poppy":2,"minecraft:chest":4,"minecraft:cobblestone":6,"minecraft:sugar_cane":3,"minecraft:oak_planks":18,"minecraft:wall_torch":13,"minecraft:amethyst_block":5,"minecraft:deepslate_copper_ore":3,"minecraft:skeleton_skull":4,"unusualprehistory:stone_fossil":2,"minecraft:wither_rose":1,"minecraft:grass":82,"minecraft:oak_log":113,"minecraft:sand":316,"minecraft:dirt":67,"treasure2:deepslate_sapphire_ore":2,"minecraft:smooth_basalt":12,"minecraft:stonecutter":1,"unusualprehistory:splattered_tar":2,"minecraft:oak_leaves":13,"minecraft:deepslate":252,"minecraft:tuff":26,"iceandfire:silver_ore":13,"minecraft:deepslate_diamond_ore":3,"minecraft:glow_lichen":1,"treasure2:deepslate_ruby_ore":1,"iceandfire:deepslate_silver_ore":13,"minecraft:spruce_leaves":9,"minecraft:sandstone":6,"minecraft:large_fern":7,"minecraft:furnace":7,"minecraft:andesite":206,"minecraft:bookshelf":12,"minecraft:potatoes":2,"minecraft:deepslate_iron_ore":69,"minecraft:vine":3,"minecraft:stone":720,"iceandfire:podium_spruce":1,"minecraft:white_wool":40,"iceandfire:pixie_jar_empty":1,"unusualprehistory:deepslate_plant_fossil":9,"minecraft:crafting_table":4,"minecraft:cornflower":1,"minecraft:tall_grass":31,"minecraft:copper_ore":174,"minecraft:deepslate_coal_ore":4,"treasure2:viking_chest":2,"minecraft:lapis_ore":6,"minecraft:deepslate_gold_ore":41,"minecraft:diorite":124,"minecraft:sweet_berry_bush":16,"minecraft:birch_leaves":3,"unusualprehistory:tar":6,"minecraft:coal_ore":136,"iceandfire:silver_pile":3,"minecraft:gravel":10,"minecraft:dripstone_block":7,"minecraft:cobweb":24,"minecraft:gold_ore":4,"minecraft:fern":1}},"DataVersion":3120}