{"stats":{"minecraft:dropped":{"minecraft:cooked_porkchop":2,"iceandfire:armor_copper_metal_chestplate":1,"minecraft:cobblestone":10,"spartanshields:copper_tower_shield":1,"minecraft:oak_sapling":8,"minecraft:wooden_pickaxe":1},"minecraft:broken":{"minecraft:stone_pickaxe":1,"minecraft:stone_sword":1,"minecraft:stone_axe":1},"minecraft:used":{"minecraft:stone_sword":186,"easyhammers:stone_hammer":42,"iceandfire:armor_copper_metal_leggings":1,"minecraft:stone_pickaxe":204,"minecraft:oak_planks":3,"minecraft:chest":2,"minecraft:wooden_pickaxe":3,"minecraft:oak_door":2,"minecraft:torch":10,"iceandfire:silver_ore":1,"iceandfire:armor_copper_metal_boots":1,"minecraft:dirt":88,"minecraft:crafting_table":10,"minecraft:apple":1,"spartanshields:copper_tower_shield":44,"minecraft:stone_axe":136,"minecraft:cobblestone":69,"iceandfire:armor_copper_metal_helmet":1,"minecraft:furnace":24,"minecraft:cooked_porkchop":1,"minecraft:andesite":22,"tombstone:gift":4,"minecraft:cooked_beef":14},"minecraft:killed_by":{"minecraft:creeper":1},"minecraft:mined":{"iceandfire:silver_ore":1,"minecraft:crafting_table":4,"minecraft:grass_block":15,"minecraft:tall_grass":11,"minecraft:copper_ore":5,"minecraft:cobblestone":4,"minecraft:oak_planks":3,"minecraft:sugar_cane":2,"minecraft:oxeye_daisy":2,"minecraft:wall_torch":1,"minecraft:furnace":6,"minecraft:iron_ore":2,"minecraft:andesite":27,"minecraft:grass":31,"minecraft:oak_log":113,"minecraft:coal_ore":56,"minecraft:dirt":26,"minecraft:stone":146,"minecraft:oak_leaves":8},"minecraft:custom":{"minecraft:interact_with_furnace":48,"minecraft:mob_kills":50,"minecraft:interact_with_crafting_table":30,"minecraft:leave_game":2,"minecraft:time_since_death":37270,"minecraft:time_since_rest":37130,"minecraft:sprint_one_cm":109206,"minecraft:damage_taken":1959,"minecraft:walk_one_cm":224695,"minecraft:damage_blocked_by_shield":890,"minecraft:drop":6,"minecraft:damage_dealt":9231,"minecraft:fly_one_cm":188456,"minecraft:open_chest":18,"minecraft:play_time":84722,"minecraft:crouch_one_cm":25804,"tombstone:undead_killed":14,"minecraft:deaths":2,"minecraft:sneak_time":8117,"minecraft:jump":1219,"minecraft:walk_on_water_one_cm":15602,"minecraft:total_world_time":84722,"minecraft:fall_one_cm":33683},"minecraft:killed":{"minecraft:pig":2,"minecraft:spider":3,"minecraft:creeper":2,"minecraft:skeleton":4,"minecraft:sheep":6,"minecraft:zombie":10,"minecraft:chicken":10,"alexsmobs:bison":9,"alexsmobs:fly":1,"minecraft:cow":3},"minecraft:picked_up":{"minecraft:crafting_table":4,"minecraft:feather":12,"minecraft:cooked_beef":16,"minecraft:chicken":10,"minecraft:andesite":119,"minecraft:leather":3,"minecraft:potato":1,"alexsmobs:bison_fur":12,"minecraft:oak_log":113,"minecraft:gunpowder":2,"iceandfire:armor_copper_metal_helmet":1,"minecraft:dirt":95,"minecraft:string":3,"minecraft:raw_copper":18,"minecraft:bone":2,"minecraft:apple":4,"minecraft:bow":1,"minecraft:wheat_seeds":6,"minecraft:beef":67,"minecraft:sugar_cane":4,"minecraft:oak_planks":3,"minecraft:egg":2,"minecraft:furnace":6,"minecraft:stick":31,"minecraft:raw_iron":2,"minecraft:copper_ingot":4,"iceandfire:armor_copper_metal_leggings":1,"minecraft:dandelion":1,"iceandfire:silver_ore":3,"minecraft:porkchop":3,"iceandfire:armor_copper_metal_boots":1,"minecraft:spider_eye":1,"minecraft:bundle":2,"minecraft:arrow":6,"minecraft:rotten_flesh":6,"alexsmobs:maggot":2,"minecraft:oak_sapling":46,"minecraft:black_wool":1,"minecraft:mutton":8,"minecraft:coal":109,"minecraft:white_wool":5,"minecraft:cobblestone":374,"minecraft:oxeye_daisy":1},"minecraft:crafted":{"minecraft:cooked_beef":7,"minecraft:oak_door":3,"minecraft:oak_planks":76,"minecraft:cooked_porkchop":3,"minecraft:crafting_table":7,"minecraft:wooden_pickaxe":1,"spartanshields:wooden_tower_shield":2,"minecraft:furnace":26,"minecraft:copper_ingot":39,"minecraft:stone_axe":1,"minecraft:air":0,"minecraft:stick":16,"spartanshields:copper_tower_shield":2,"iceandfire:armor_copper_metal_chestplate":2,"minecraft:stone_pickaxe":2,"minecraft:stone_sword":2,"minecraft:chest":2,"easyhammers:stone_hammer":1,"minecraft:torch":24}},"DataVersion":3120}