{"stats":{"minecraft:custom":{"minecraft:time_since_rest":1777,"minecraft:play_time":11720,"minecraft:crouch_one_cm":1758,"minecraft:sprint_one_cm":10785,"minecraft:walk_one_cm":12911,"minecraft:damage_taken":429,"minecraft:deaths":1,"minecraft:bell_ring":1,"minecraft:sneak_time":667,"minecraft:jump":88,"minecraft:damage_dealt":37,"minecraft:leave_game":1,"minecraft:time_since_death":3192,"minecraft:sleep_in_bed":1,"minecraft:total_world_time":11720,"minecraft:talked_to_villager":2,"minecraft:fall_one_cm":2449,"minecraft:fly_one_cm":21778},"minecraft:mined":{"minecraft:grass":2,"minecraft:oak_log":2,"minecraft:grass_block":3,"minecraft:dirt_path":11,"minecraft:dirt":1,"minecraft:tall_grass":5},"minecraft:picked_up":{"minecraft:oak_log":2,"minecraft:dirt":15},"minecraft:used":{"minecraft:dirt":15},"minecraft:killed_by":{"minecraft:iron_golem":1}},"DataVersion":3465}