{"stats":{"minecraft:crafted":{"minecraft:oak_door":3,"minecraft:oak_planks":332,"spartanshields:wooden_tower_shield":2,"minecraft:cooked_chicken":10,"minecraft:furnace":26,"spartanshields:copper_tower_shield":2,"minecraft:stone_pickaxe":6,"iceandfire:armor_copper_metal_chestplate":2,"minecraft:chest":14,"minecraft:cooked_beef":67,"minecraft:cooked_porkchop":3,"minecraft:crafting_table":8,"minecraft:wooden_pickaxe":1,"minecraft:brown_bed":1,"minecraft:copper_ingot":39,"minecraft:bucket":1,"minecraft:stone_axe":2,"minecraft:air":0,"minecraft:stick":24,"minecraft:brown_wool":3,"minecraft:iron_ingot":17,"minecraft:stone_sword":3,"easyhammers:stone_hammer":1,"minecraft:white_bed":1,"minecraft:torch":48},"minecraft:killed":{"alexsmobs:lobster":1,"minecraft:spider":4,"minecraft:skeleton":15,"minecraft:chicken":12,"alexsmobs:bison":9,"minecraft:pig":2,"minecraft:creeper":3,"minecraft:sheep":8,"minecraft:zombie":21,"iceandfire:ghost":4,"alexsmobs:fly":1,"minecraft:cow":7},"minecraft:picked_up":{"minecraft:crafting_table":4,"minecraft:chicken":12,"minecraft:string":3,"minecraft:raw_copper":55,"minecraft:cobbled_deepslate":240,"unusualprehistory:paleo_fossil":6,"minecraft:beef":75,"unusualprehistory:plant_fossil_item":27,"minecraft:iron_pickaxe":2,"minecraft:sugar_cane":4,"minecraft:chest":4,"minecraft:egg":3,"minecraft:furnace":6,"minecraft:raw_iron":125,"minecraft:stick":31,"minecraft:copper_ingot":4,"iceandfire:armor_copper_metal_leggings":1,"minecraft:torch":125,"iceandfire:silver_ore":11,"minecraft:porkchop":3,"tombstone:grave_dust":9,"minecraft:diorite":98,"iceandfire:armor_copper_metal_boots":1,"minecraft:redstone":13,"minecraft:arrow":14,"minecraft:rotten_flesh":16,"iceandfire:deepslate_silver_ore":8,"minecraft:mutton":12,"alexsmobs:lobster_tail":1,"minecraft:white_wool":6,"minecraft:cobblestone":929,"minecraft:oxeye_daisy":1,"minecraft:feather":15,"minecraft:cooked_beef":16,"minecraft:glow_ink_sac":1,"minecraft:andesite":284,"minecraft:brown_wool":1,"minecraft:leather":8,"minecraft:music_disc_stal":1,"minecraft:potato":1,"alexsmobs:bison_fur":12,"minecraft:tuff":25,"minecraft:oak_log":113,"iceandfire:ectoplasm":1,"iceandfire:armor_copper_metal_helmet":1,"minecraft:gunpowder":4,"minecraft:lapis_lazuli":140,"minecraft:dirt":136,"tombstone:gift":1,"minecraft:bone":12,"minecraft:apple":4,"minecraft:bow":3,"minecraft:wheat_seeds":7,"minecraft:raw_gold":41,"minecraft:oak_planks":11,"minecraft:pumpkin":15,"minecraft:dandelion":1,"minecraft:gravel":16,"minecraft:sand":3,"minecraft:spider_eye":3,"minecraft:bundle":2,"minecraft:diamond":3,"minecraft:granite":21,"treasure2:sapphire":2,"alexsmobs:maggot":2,"minecraft:oak_sapling":46,"minecraft:black_wool":1,"minecraft:coal":157},"minecraft:killed_by":{"minecraft:creeper":2},"minecraft:used":{"minecraft:stone_sword":341,"iceandfire:armor_copper_metal_leggings":1,"minecraft:chest":18,"minecraft:oak_door":2,"minecraft:torch":124,"iceandfire:silver_ore":1,"iceandfire:armor_copper_metal_boots":1,"minecraft:dirt":120,"minecraft:tuff":22,"minecraft:granite":4,"minecraft:furnace":24,"iceandfire:armor_copper_metal_helmet":1,"tombstone:gift":4,"minecraft:cooked_beef":42,"minecraft:cobbled_deepslate":127,"minecraft:water_bucket":3,"minecraft:diorite":26,"easyhammers:stone_hammer":59,"minecraft:stone_pickaxe":787,"minecraft:oak_planks":3,"minecraft:wooden_pickaxe":3,"minecraft:crafting_table":11,"minecraft:white_bed":1,"minecraft:apple":1,"minecraft:iron_pickaxe":723,"spartanshields:copper_tower_shield":89,"minecraft:stone_axe":177,"minecraft:cobblestone":219,"minecraft:cooked_porkchop":1,"minecraft:bucket":4,"minecraft:andesite":120},"minecraft:broken":{"minecraft:stone_sword":2,"minecraft:stone_pickaxe":6,"minecraft:stone_axe":1,"minecraft:iron_pickaxe":2,"iceandfire:armor_copper_metal_helmet":1},"minecraft:mined":{"minecraft:tuff":26,"iceandfire:silver_ore":9,"minecraft:deepslate_diamond_ore":3,"minecraft:glow_lichen":1,"minecraft:granite":21,"minecraft:grass_block":19,"unusualprehistory:deepslate_fossil":6,"unusualprehistory:plant_fossil":19,"iceandfire:deepslate_silver_ore":8,"minecraft:spruce_leaves":2,"minecraft:oxeye_daisy":2,"minecraft:large_fern":1,"minecraft:furnace":6,"minecraft:iron_ore":75,"minecraft:cobbled_deepslate":9,"minecraft:andesite":197,"minecraft:pumpkin":15,"minecraft:deepslate_lapis_ore":21,"minecraft:deepslate_iron_ore":50,"minecraft:stone":615,"minecraft:deepslate_redstone_ore":3,"unusualprehistory:deepslate_plant_fossil":8,"minecraft:crafting_table":4,"minecraft:torch":3,"minecraft:chest":4,"minecraft:tall_grass":15,"minecraft:copper_ore":15,"minecraft:cobblestone":5,"minecraft:deepslate_coal_ore":4,"minecraft:deepslate_gold_ore":41,"minecraft:sugar_cane":2,"minecraft:oak_planks":11,"minecraft:diorite":98,"minecraft:wall_torch":9,"minecraft:birch_leaves":3,"minecraft:grass":36,"minecraft:oak_log":113,"minecraft:coal_ore":101,"minecraft:sand":3,"minecraft:gravel":10,"minecraft:dirt":44,"treasure2:deepslate_sapphire_ore":2,"minecraft:oak_leaves":12,"minecraft:deepslate":224,"minecraft:fern":1},"minecraft:dropped":{"minecraft:cooked_porkchop":2,"iceandfire:armor_copper_metal_chestplate":1,"minecraft:cobblestone":10,"minecraft:iron_pickaxe":1,"minecraft:raw_iron":43,"minecraft:bundle":1,"spartanshields:copper_tower_shield":1,"minecraft:oak_sapling":8,"minecraft:brown_bed":1,"minecraft:wooden_pickaxe":1},"minecraft:custom":{"minecraft:mob_kills":86,"minecraft:interact_with_crafting_table":49,"minecraft:leave_game":3,"minecraft:time_since_death":3607,"minecraft:sprint_one_cm":386221,"minecraft:walk_one_cm":527346,"minecraft:damage_blocked_by_shield":1820,"minecraft:drop":11,"minecraft:play_time":260975,"minecraft:deaths":3,"minecraft:sneak_time":42536,"minecraft:walk_under_water_one_cm":8692,"minecraft:jump":4070,"minecraft:walk_on_water_one_cm":47735,"minecraft:total_world_time":260975,"minecraft:interact_with_furnace":65,"minecraft:sleep_in_bed":2,"minecraft:time_since_rest":1208,"minecraft:damage_taken":4272,"minecraft:damage_dealt":16378,"minecraft:swim_one_cm":13907,"minecraft:fly_one_cm":577272,"minecraft:open_chest":98,"minecraft:crouch_one_cm":93311,"tombstone:undead_killed":40,"minecraft:fall_one_cm":94893}},"DataVersion":3120}