{"stats":{"minecraft:crafted":{"minecraft:oak_planks":24,"minecraft:cooked_porkchop":3,"minecraft:crafting_table":1,"minecraft:wooden_pickaxe":1,"minecraft:cooked_chicken":5,"minecraft:stone_axe":1,"minecraft:air":0,"minecraft:charcoal":2,"minecraft:stick":12,"minecraft:stone_pickaxe":1,"minecraft:stone_sword":1},"minecraft:picked_up":{"minecraft:crafting_table":2,"minecraft:feather":1,"minecraft:chicken":5,"minecraft:andesite":3,"minecraft:leather":5,"minecraft:oak_log":38,"minecraft:dirt":50,"minecraft:string":1,"minecraft:bone":2,"treasure2:milk_crate":1,"minecraft:apple":4,"minecraft:wheat_seeds":4,"minecraft:beef":8,"minecraft:egg":1,"minecraft:stick":13,"treasure2:crate_chest":1,"minecraft:porkchop":3,"tombstone:grave_dust":1,"minecraft:diorite":3,"minecraft:brown_carpet":9,"minecraft:bundle":1,"minecraft:rotten_flesh":4,"minecraft:arrow":1,"tombstone:magic_scroll":1,"minecraft:oak_sapling":20,"minecraft:mutton":5,"minecraft:skeleton_skull":1,"minecraft:white_wool":4,"minecraft:cobblestone":39},"minecraft:killed_by":{"iceandfire:ghost":1},"minecraft:killed":{"treasure2:bound_soul":3,"minecraft:pig":1,"alexsmobs:raccoon":1,"minecraft:sheep":4,"iceandfire:ghost":5,"minecraft:chicken":5,"alexsmobs:crow":1,"mca:female_villager":2,"minecraft:cow":5},"minecraft:dropped":{"tombstone:grave_dust":1},"minecraft:mined":{"treasure2:milk_crate":1,"treasure2:crate_chest":1,"minecraft:brown_carpet":9,"minecraft:crafting_table":2,"minecraft:grass_block":10,"minecraft:tall_grass":7,"minecraft:spruce_leaves":1,"minecraft:diorite":3,"minecraft:large_fern":3,"minecraft:skeleton_skull":1,"minecraft:andesite":3,"minecraft:grass":36,"minecraft:oak_log":38,"minecraft:vine":1,"minecraft:gravel":1,"minecraft:dirt":40,"minecraft:cobweb":1,"minecraft:stone":39,"minecraft:fern":1},"minecraft:used":{"minecraft:diorite":3,"minecraft:stone_sword":120,"minecraft:stone_pickaxe":38,"minecraft:wooden_pickaxe":8,"minecraft:cooked_chicken":5,"minecraft:dirt":35,"minecraft:crafting_table":2,"minecraft:apple":4,"minecraft:stone_axe":56,"minecraft:brown_carpet":9,"minecraft:oak_sapling":3,"minecraft:cooked_porkchop":3,"minecraft:andesite":3,"tombstone:gift":2,"alexsmobs:animal_dictionary":3},"minecraft:custom":{"minecraft:interact_with_furnace":7,"minecraft:mob_kills":27,"minecraft:interact_with_crafting_table":3,"minecraft:time_since_death":9569,"minecraft:sleep_in_bed":2,"minecraft:climb_one_cm":165,"minecraft:time_since_rest":8776,"minecraft:sprint_one_cm":54294,"minecraft:damage_taken":885,"minecraft:walk_one_cm":142191,"minecraft:trigger_trapped_chest":5,"minecraft:drop":1,"minecraft:damage_dealt":4101,"minecraft:fly_one_cm":79085,"minecraft:crouch_one_cm":7528,"minecraft:deaths":1,"minecraft:play_time":41550,"tombstone:undead_killed":8,"minecraft:sneak_time":2563,"minecraft:walk_under_water_one_cm":141,"tombstone:villager_killed":2,"minecraft:jump":734,"minecraft:walk_on_water_one_cm":5091,"minecraft:total_world_time":41550,"minecraft:fall_one_cm":15348}},"DataVersion":3120}