{"stats":{"minecraft:mined":{"minecraft:crafting_table":2,"minecraft:grass_block":15,"minecraft:copper_ore":5,"minecraft:tall_grass":2,"minecraft:cobblestone":2,"minecraft:oak_planks":3,"minecraft:furnace":6,"minecraft:iron_ore":2,"minecraft:andesite":4,"minecraft:grass":10,"minecraft:oak_log":18,"minecraft:coal_ore":37,"minecraft:dirt":23,"minecraft:stone":93},"minecraft:dropped":{"minecraft:cooked_porkchop":2,"iceandfire:armor_copper_metal_chestplate":1,"minecraft:cobblestone":10,"spartanshields:copper_tower_shield":1,"minecraft:wooden_pickaxe":1},"minecraft:killed":{"minecraft:pig":2,"minecraft:sheep":2,"minecraft:chicken":4,"alexsmobs:bison":1,"minecraft:cow":2},"minecraft:crafted":{"minecraft:cooked_beef":7,"minecraft:oak_planks":72,"minecraft:cooked_porkchop":3,"minecraft:crafting_table":2,"minecraft:wooden_pickaxe":1,"spartanshields:wooden_tower_shield":2,"minecraft:furnace":4,"minecraft:copper_ingot":39,"minecraft:stone_axe":1,"minecraft:air":0,"minecraft:stick":12,"spartanshields:copper_tower_shield":2,"minecraft:stone_pickaxe":2,"iceandfire:armor_copper_metal_chestplate":2,"minecraft:stone_sword":1,"minecraft:torch":24},"minecraft:used":{"minecraft:stone_sword":37,"iceandfire:armor_copper_metal_leggings":1,"minecraft:stone_pickaxe":146,"minecraft:oak_planks":3,"minecraft:wooden_pickaxe":3,"minecraft:torch":5,"iceandfire:armor_copper_metal_boots":1,"minecraft:dirt":10,"minecraft:crafting_table":3,"minecraft:apple":1,"spartanshields:copper_tower_shield":6,"minecraft:stone_axe":12,"minecraft:cobblestone":4,"minecraft:cooked_porkchop":1,"minecraft:furnace":6,"iceandfire:armor_copper_metal_helmet":1,"minecraft:andesite":4,"tombstone:gift":2,"minecraft:cooked_beef":3},"minecraft:broken":{"minecraft:stone_pickaxe":1},"minecraft:custom":{"minecraft:interact_with_furnace":39,"minecraft:mob_kills":11,"minecraft:interact_with_crafting_table":18,"minecraft:time_since_death":35308,"minecraft:time_since_rest":35014,"minecraft:sprint_one_cm":35403,"minecraft:damage_taken":784,"minecraft:walk_one_cm":75602,"minecraft:damage_blocked_by_shield":80,"minecraft:drop":5,"minecraft:damage_dealt":1640,"minecraft:fly_one_cm":56043,"minecraft:crouch_one_cm":19348,"minecraft:play_time":41621,"minecraft:deaths":1,"minecraft:sneak_time":6708,"minecraft:jump":558,"minecraft:walk_on_water_one_cm":964,"minecraft:total_world_time":41621,"minecraft:fall_one_cm":17201},"minecraft:picked_up":{"minecraft:crafting_table":2,"minecraft:feather":3,"minecraft:cooked_beef":16,"minecraft:chicken":4,"minecraft:andesite":4,"minecraft:leather":3,"alexsmobs:bison_fur":2,"minecraft:oak_log":18,"iceandfire:armor_copper_metal_helmet":1,"minecraft:dirt":38,"minecraft:raw_copper":18,"minecraft:apple":1,"minecraft:wheat_seeds":4,"minecraft:beef":7,"minecraft:oak_planks":3,"minecraft:furnace":6,"minecraft:stick":5,"minecraft:raw_iron":2,"iceandfire:armor_copper_metal_leggings":1,"minecraft:copper_ingot":4,"minecraft:porkchop":3,"iceandfire:armor_copper_metal_boots":1,"minecraft:arrow":1,"minecraft:oak_sapling":8,"minecraft:mutton":2,"minecraft:coal":85,"minecraft:white_wool":2,"minecraft:cobblestone":91}},"DataVersion":3120}