{"stats":{"minecraft:crafted":{"minecraft:oak_door":3,"minecraft:oak_planks":332,"minecraft:stone_shovel":3,"spartanshields:wooden_tower_shield":2,"minecraft:cooked_chicken":10,"minecraft:furnace":26,"spartanshields:copper_tower_shield":2,"minecraft:stone_pickaxe":6,"iceandfire:armor_copper_metal_chestplate":2,"minecraft:chest":14,"minecraft:cooked_beef":67,"minecraft:cooked_porkchop":3,"minecraft:crafting_table":8,"minecraft:wooden_pickaxe":1,"minecraft:brown_bed":1,"minecraft:copper_ingot":39,"minecraft:bucket":1,"minecraft:stone_axe":2,"minecraft:air":0,"minecraft:stick":32,"minecraft:brown_wool":3,"minecraft:iron_ingot":17,"minecraft:stone_sword":3,"easyhammers:stone_hammer":1,"minecraft:white_bed":1,"minecraft:torch":48},"minecraft:killed":{"alexsmobs:lobster":1,"minecraft:spider":4,"minecraft:skeleton":15,"minecraft:chicken":12,"alexsmobs:bison":9,"minecraft:pig":2,"minecraft:creeper":4,"minecraft:sheep":8,"minecraft:zombie":21,"iceandfire:ghost":7,"alexsmobs:fly":1,"minecraft:cow":7},"minecraft:picked_up":{"minecraft:iron_chestplate":1,"minecraft:crafting_table":4,"minecraft:chicken":12,"minecraft:string":3,"minecraft:raw_copper":55,"minecraft:cobbled_deepslate":240,"unusualprehistory:paleo_fossil":6,"minecraft:beef":75,"unusualprehistory:plant_fossil_item":27,"minecraft:iron_pickaxe":2,"minecraft:sugar_cane":4,"minecraft:chest":4,"minecraft:egg":3,"minecraft:furnace":6,"minecraft:raw_iron":125,"minecraft:stick":42,"minecraft:copper_ingot":4,"iceandfire:armor_copper_metal_leggings":1,"minecraft:torch":159,"iceandfire:silver_ore":11,"minecraft:porkchop":3,"tombstone:grave_dust":9,"minecraft:diorite":98,"iceandfire:armor_copper_metal_boots":1,"minecraft:redstone":13,"minecraft:arrow":14,"minecraft:rotten_flesh":16,"minecraft:saddle":1,"iceandfire:deepslate_silver_ore":8,"minecraft:mutton":12,"minecraft:skeleton_skull":2,"alexsmobs:lobster_tail":1,"minecraft:white_wool":6,"minecraft:cobblestone":966,"minecraft:oxeye_daisy":1,"minecraft:feather":15,"minecraft:cooked_beef":16,"minecraft:glow_ink_sac":1,"minecraft:andesite":284,"minecraft:brown_wool":1,"minecraft:leather":8,"minecraft:music_disc_stal":1,"minecraft:potato":1,"alexsmobs:bison_fur":12,"minecraft:tuff":25,"minecraft:oak_log":113,"iceandfire:ectoplasm":1,"iceandfire:armor_copper_metal_helmet":1,"minecraft:gunpowder":6,"minecraft:lapis_lazuli":140,"minecraft:dirt":159,"tombstone:gift":1,"minecraft:bone":12,"minecraft:apple":4,"minecraft:bow":3,"minecraft:wheat_seeds":8,"minecraft:raw_gold":41,"minecraft:oak_planks":11,"minecraft:pumpkin":15,"minecraft:dandelion":1,"minecraft:gravel":16,"minecraft:sand":303,"minecraft:spider_eye":4,"minecraft:bundle":2,"minecraft:diamond":3,"minecraft:granite":33,"treasure2:sapphire":2,"minecraft:golden_apple":5,"alexsmobs:maggot":2,"minecraft:oak_sapling":46,"minecraft:black_wool":1,"minecraft:coal":157},"minecraft:killed_by":{"minecraft:creeper":2},"minecraft:used":{"minecraft:stone_sword":360,"iceandfire:armor_copper_metal_leggings":1,"minecraft:stone_shovel":307,"minecraft:chest":18,"minecraft:iron_chestplate":1,"minecraft:oak_door":2,"minecraft:torch":125,"iceandfire:silver_ore":1,"iceandfire:armor_copper_metal_boots":1,"minecraft:dirt":120,"minecraft:tuff":22,"minecraft:granite":4,"minecraft:furnace":24,"iceandfire:armor_copper_metal_helmet":1,"tombstone:gift":8,"minecraft:skeleton_skull":1,"minecraft:cooked_beef":47,"minecraft:cobbled_deepslate":127,"minecraft:water_bucket":3,"minecraft:diorite":44,"easyhammers:stone_hammer":59,"minecraft:stone_pickaxe":787,"minecraft:oak_planks":3,"minecraft:wooden_pickaxe":3,"minecraft:sand":2,"minecraft:crafting_table":11,"minecraft:white_bed":1,"minecraft:apple":1,"minecraft:iron_pickaxe":731,"spartanshields:copper_tower_shield":89,"minecraft:gravel":2,"minecraft:stone_axe":177,"minecraft:cobblestone":219,"minecraft:cooked_porkchop":1,"minecraft:bucket":4,"minecraft:andesite":120},"minecraft:broken":{"minecraft:stone_sword":2,"minecraft:stone_pickaxe":6,"minecraft:stone_axe":1,"minecraft:iron_pickaxe":2,"minecraft:stone_shovel":2,"iceandfire:armor_copper_metal_helmet":1},"minecraft:mined":{"minecraft:tuff":26,"iceandfire:silver_ore":9,"minecraft:deepslate_diamond_ore":3,"minecraft:glow_lichen":1,"minecraft:granite":24,"minecraft:grass_block":22,"unusualprehistory:deepslate_fossil":6,"unusualprehistory:plant_fossil":19,"iceandfire:deepslate_silver_ore":8,"minecraft:spruce_leaves":2,"minecraft:oxeye_daisy":2,"minecraft:large_fern":1,"minecraft:furnace":6,"minecraft:iron_ore":75,"minecraft:cobbled_deepslate":9,"minecraft:andesite":197,"minecraft:pumpkin":15,"minecraft:deepslate_lapis_ore":21,"minecraft:vine":1,"minecraft:deepslate_iron_ore":50,"minecraft:stone":619,"minecraft:deepslate_redstone_ore":3,"unusualprehistory:deepslate_plant_fossil":8,"minecraft:crafting_table":4,"minecraft:torch":3,"minecraft:chest":4,"minecraft:tall_grass":16,"minecraft:copper_ore":15,"minecraft:cobblestone":5,"minecraft:deepslate_coal_ore":4,"minecraft:deepslate_gold_ore":41,"minecraft:sugar_cane":2,"minecraft:oak_planks":11,"minecraft:diorite":98,"minecraft:wall_torch":9,"minecraft:skeleton_skull":2,"minecraft:birch_leaves":3,"minecraft:grass":41,"minecraft:oak_log":113,"minecraft:coal_ore":101,"minecraft:sand":303,"minecraft:gravel":10,"minecraft:dirt":50,"treasure2:deepslate_sapphire_ore":2,"minecraft:oak_leaves":12,"minecraft:deepslate":224,"minecraft:fern":1},"minecraft:dropped":{"minecraft:cooked_beef":2,"minecraft:cooked_porkchop":2,"iceandfire:armor_copper_metal_chestplate":1,"minecraft:cobblestone":10,"minecraft:torch":31,"minecraft:sand":298,"minecraft:iron_pickaxe":1,"minecraft:raw_iron":43,"minecraft:skeleton_skull":1,"minecraft:bundle":1,"spartanshields:copper_tower_shield":1,"minecraft:oak_sapling":8,"minecraft:brown_bed":1,"minecraft:wooden_pickaxe":1},"minecraft:custom":{"minecraft:mob_kills":89,"minecraft:interact_with_crafting_table":50,"minecraft:leave_game":3,"minecraft:time_since_death":21607,"minecraft:climb_one_cm":184,"minecraft:sprint_one_cm":414916,"minecraft:walk_one_cm":559947,"minecraft:damage_blocked_by_shield":1820,"minecraft:drop":20,"minecraft:play_time":278975,"minecraft:deaths":3,"minecraft:sneak_time":46327,"minecraft:walk_under_water_one_cm":10351,"minecraft:jump":4349,"minecraft:walk_on_water_one_cm":54545,"minecraft:total_world_time":278975,"minecraft:interact_with_furnace":66,"minecraft:sleep_in_bed":3,"minecraft:time_since_rest":5516,"minecraft:damage_taken":4505,"minecraft:trigger_trapped_chest":1,"minecraft:damage_dealt":17183,"minecraft:swim_one_cm":14896,"minecraft:fly_one_cm":637299,"minecraft:open_chest":132,"minecraft:crouch_one_cm":110706,"tombstone:undead_killed":43,"minecraft:fall_one_cm":100681}},"DataVersion":3120}