{"stats":{"minecraft:mined":{"minecraft:furnace":2,"minecraft:iron_ore":2,"minecraft:crafting_table":1,"minecraft:grass":6,"minecraft:coal_ore":17,"minecraft:grass_block":5,"minecraft:oak_log":18,"minecraft:dirt":5,"minecraft:tall_grass":1,"minecraft:copper_ore":5,"minecraft:cobblestone":2,"minecraft:stone":68},"minecraft:dropped":{"minecraft:cooked_porkchop":2,"spartanshields:copper_tower_shield":1,"iceandfire:armor_copper_metal_chestplate":1,"minecraft:cobblestone":10,"minecraft:wooden_pickaxe":1},"minecraft:killed":{"minecraft:sheep":2,"minecraft:pig":2,"alexsmobs:bison":1,"minecraft:cow":2},"minecraft:crafted":{"minecraft:oak_planks":72,"minecraft:cooked_porkchop":3,"minecraft:crafting_table":2,"spartanshields:copper_tower_shield":2,"minecraft:stick":8,"spartanshields:wooden_tower_shield":2,"minecraft:wooden_pickaxe":1,"iceandfire:armor_copper_metal_chestplate":2,"minecraft:stone_pickaxe":1,"minecraft:stone_sword":1,"minecraft:furnace":2,"minecraft:copper_ingot":39,"minecraft:torch":4,"minecraft:stone_axe":1,"minecraft:air":0},"minecraft:used":{"minecraft:apple":1,"minecraft:stone_sword":31,"iceandfire:armor_copper_metal_leggings":1,"minecraft:stone_pickaxe":93,"minecraft:oak_planks":3,"spartanshields:copper_tower_shield":6,"minecraft:wooden_pickaxe":3,"minecraft:torch":4,"minecraft:stone_axe":8,"iceandfire:armor_copper_metal_boots":1,"minecraft:dirt":10,"minecraft:cobblestone":4,"minecraft:crafting_table":2,"iceandfire:armor_copper_metal_helmet":1,"minecraft:furnace":2,"minecraft:cooked_porkchop":1,"tombstone:gift":2},"minecraft:picked_up":{"minecraft:crafting_table":1,"minecraft:stick":5,"minecraft:raw_iron":2,"minecraft:copper_ingot":4,"iceandfire:armor_copper_metal_leggings":1,"minecraft:leather":3,"alexsmobs:bison_fur":2,"minecraft:porkchop":3,"minecraft:oak_log":18,"iceandfire:armor_copper_metal_helmet":1,"iceandfire:armor_copper_metal_boots":1,"minecraft:dirt":10,"minecraft:raw_copper":18,"minecraft:arrow":1,"minecraft:apple":1,"minecraft:wheat_seeds":2,"minecraft:beef":7,"minecraft:oak_sapling":8,"minecraft:mutton":2,"minecraft:coal":17,"minecraft:white_wool":2,"minecraft:cobblestone":66,"minecraft:furnace":2},"minecraft:custom":{"minecraft:time_since_rest":23014,"minecraft:interact_with_furnace":26,"minecraft:sprint_one_cm":26782,"minecraft:damage_taken":784,"minecraft:walk_one_cm":60841,"minecraft:damage_blocked_by_shield":80,"minecraft:mob_kills":7,"minecraft:drop":5,"minecraft:damage_dealt":1480,"minecraft:interact_with_crafting_table":16,"minecraft:fly_one_cm":40264,"minecraft:crouch_one_cm":13877,"minecraft:play_time":29621,"minecraft:deaths":1,"minecraft:sneak_time":4529,"minecraft:jump":460,"minecraft:walk_on_water_one_cm":964,"minecraft:time_since_death":23308,"minecraft:total_world_time":29621,"minecraft:fall_one_cm":14991}},"DataVersion":3120}