{"stats":{"minecraft:crafted":{"minecraft:oak_planks":24,"minecraft:crafting_table":1,"minecraft:stick":12,"minecraft:wooden_pickaxe":1},"minecraft:picked_up":{"minecraft:crafting_table":1,"minecraft:oak_log":6,"minecraft:oak_sapling":3,"minecraft:dirt":6,"minecraft:cobblestone":3},"minecraft:mined":{"minecraft:grass":1,"minecraft:grass_block":6,"minecraft:oak_log":6,"minecraft:stone":3,"minecraft:crafting_table":1},"minecraft:used":{"minecraft:crafting_table":1,"minecraft:oak_sapling":3,"alexsmobs:animal_dictionary":3,"minecraft:wooden_pickaxe":3},"minecraft:custom":{"minecraft:time_since_rest":5550,"minecraft:crouch_one_cm":1230,"minecraft:play_time":5550,"minecraft:sprint_one_cm":1860,"minecraft:walk_one_cm":2337,"minecraft:sneak_time":510,"minecraft:jump":17,"minecraft:time_since_death":5550,"minecraft:total_world_time":5550,"minecraft:interact_with_crafting_table":1,"minecraft:fly_one_cm":2673}},"DataVersion":3120}