{"stats":{"minecraft:crafted":{"minecraft:oak_door":3,"minecraft:oak_planks":332,"spartanshields:wooden_tower_shield":2,"minecraft:cooked_chicken":10,"minecraft:furnace":26,"spartanshields:copper_tower_shield":2,"minecraft:stone_pickaxe":6,"iceandfire:armor_copper_metal_chestplate":2,"minecraft:chest":14,"minecraft:cooked_beef":67,"minecraft:cooked_porkchop":3,"minecraft:crafting_table":7,"minecraft:wooden_pickaxe":1,"minecraft:brown_bed":1,"minecraft:copper_ingot":39,"minecraft:stone_axe":2,"minecraft:air":0,"minecraft:stick":16,"minecraft:brown_wool":3,"minecraft:stone_sword":2,"easyhammers:stone_hammer":1,"minecraft:white_bed":1,"minecraft:torch":24},"minecraft:killed":{"alexsmobs:lobster":1,"minecraft:spider":4,"minecraft:skeleton":7,"minecraft:chicken":10,"alexsmobs:bison":9,"minecraft:pig":2,"minecraft:creeper":3,"minecraft:sheep":6,"minecraft:zombie":12,"alexsmobs:fly":1,"minecraft:cow":3},"minecraft:picked_up":{"minecraft:crafting_table":4,"minecraft:chicken":10,"minecraft:string":3,"minecraft:raw_copper":49,"minecraft:cobbled_deepslate":59,"unusualprehistory:paleo_fossil":4,"minecraft:beef":67,"unusualprehistory:plant_fossil_item":27,"minecraft:iron_pickaxe":2,"minecraft:sugar_cane":4,"minecraft:chest":4,"minecraft:egg":2,"minecraft:furnace":6,"minecraft:raw_iron":95,"minecraft:stick":31,"minecraft:copper_ingot":4,"iceandfire:armor_copper_metal_leggings":1,"minecraft:torch":90,"iceandfire:silver_ore":8,"minecraft:porkchop":3,"tombstone:grave_dust":2,"minecraft:diorite":76,"iceandfire:armor_copper_metal_boots":1,"minecraft:redstone":13,"minecraft:arrow":12,"minecraft:rotten_flesh":8,"iceandfire:deepslate_silver_ore":6,"minecraft:mutton":8,"alexsmobs:lobster_tail":1,"minecraft:white_wool":5,"minecraft:cobblestone":776,"minecraft:oxeye_daisy":1,"minecraft:feather":12,"minecraft:cooked_beef":16,"minecraft:glow_ink_sac":1,"minecraft:andesite":263,"minecraft:leather":3,"minecraft:potato":1,"alexsmobs:bison_fur":12,"minecraft:tuff":18,"minecraft:oak_log":113,"iceandfire:armor_copper_metal_helmet":1,"minecraft:gunpowder":4,"minecraft:lapis_lazuli":140,"minecraft:dirt":98,"minecraft:bone":5,"minecraft:apple":4,"minecraft:bow":2,"minecraft:wheat_seeds":7,"minecraft:raw_gold":41,"minecraft:oak_planks":3,"minecraft:dandelion":1,"minecraft:gravel":14,"minecraft:spider_eye":2,"minecraft:bundle":2,"minecraft:diamond":3,"minecraft:granite":5,"treasure2:sapphire":2,"alexsmobs:maggot":2,"minecraft:oak_sapling":46,"minecraft:black_wool":1,"minecraft:coal":145},"minecraft:killed_by":{"minecraft:creeper":1},"minecraft:used":{"minecraft:stone_sword":216,"iceandfire:armor_copper_metal_leggings":1,"minecraft:chest":18,"minecraft:oak_door":2,"minecraft:torch":67,"iceandfire:silver_ore":1,"iceandfire:armor_copper_metal_boots":1,"minecraft:dirt":88,"minecraft:tuff":15,"minecraft:granite":4,"minecraft:furnace":24,"iceandfire:armor_copper_metal_helmet":1,"tombstone:gift":4,"minecraft:cooked_beef":26,"minecraft:cobbled_deepslate":54,"minecraft:diorite":26,"easyhammers:stone_hammer":59,"minecraft:stone_pickaxe":787,"minecraft:oak_planks":3,"minecraft:wooden_pickaxe":3,"minecraft:crafting_table":10,"minecraft:white_bed":1,"minecraft:apple":1,"minecraft:iron_pickaxe":277,"spartanshields:copper_tower_shield":48,"minecraft:stone_axe":140,"minecraft:cobblestone":121,"minecraft:cooked_porkchop":1,"minecraft:andesite":99},"minecraft:broken":{"minecraft:stone_sword":1,"minecraft:stone_pickaxe":6,"minecraft:stone_axe":1,"minecraft:iron_pickaxe":1},"minecraft:mined":{"minecraft:tuff":19,"iceandfire:silver_ore":6,"minecraft:deepslate_diamond_ore":3,"minecraft:glow_lichen":1,"minecraft:granite":5,"minecraft:grass_block":15,"unusualprehistory:deepslate_fossil":4,"unusualprehistory:plant_fossil":19,"iceandfire:deepslate_silver_ore":6,"minecraft:oxeye_daisy":2,"minecraft:furnace":6,"minecraft:iron_ore":51,"minecraft:cobbled_deepslate":7,"minecraft:andesite":176,"minecraft:deepslate_lapis_ore":21,"minecraft:deepslate_iron_ore":46,"minecraft:stone":462,"minecraft:deepslate_redstone_ore":3,"unusualprehistory:deepslate_plant_fossil":8,"minecraft:crafting_table":4,"minecraft:torch":2,"minecraft:chest":4,"minecraft:tall_grass":12,"minecraft:copper_ore":13,"minecraft:cobblestone":5,"minecraft:deepslate_gold_ore":41,"minecraft:sugar_cane":2,"minecraft:oak_planks":3,"minecraft:diorite":76,"minecraft:wall_torch":7,"minecraft:grass":32,"minecraft:oak_log":113,"minecraft:coal_ore":92,"minecraft:gravel":7,"minecraft:dirt":29,"treasure2:deepslate_sapphire_ore":2,"minecraft:oak_leaves":8,"minecraft:deepslate":52},"minecraft:dropped":{"minecraft:cooked_porkchop":2,"iceandfire:armor_copper_metal_chestplate":1,"minecraft:cobblestone":10,"minecraft:raw_iron":43,"spartanshields:copper_tower_shield":1,"minecraft:oak_sapling":8,"minecraft:brown_bed":1,"minecraft:wooden_pickaxe":1},"minecraft:custom":{"minecraft:mob_kills":57,"minecraft:interact_with_crafting_table":45,"minecraft:leave_game":3,"minecraft:time_since_death":141523,"minecraft:sprint_one_cm":213780,"minecraft:walk_one_cm":387456,"minecraft:damage_blocked_by_shield":1080,"minecraft:drop":9,"minecraft:play_time":188975,"minecraft:deaths":2,"minecraft:sneak_time":33407,"minecraft:jump":2547,"minecraft:walk_on_water_one_cm":16300,"minecraft:total_world_time":188975,"minecraft:interact_with_furnace":64,"minecraft:sleep_in_bed":2,"minecraft:time_since_rest":50007,"minecraft:damage_taken":2851,"minecraft:damage_dealt":10640,"minecraft:fly_one_cm":326351,"minecraft:open_chest":91,"minecraft:crouch_one_cm":80899,"tombstone:undead_killed":19,"minecraft:fall_one_cm":64937}},"DataVersion":3120}