{"stats":{"minecraft:crafted":{"minecraft:oak_planks":24,"minecraft:charcoal":1,"minecraft:crafting_table":1,"minecraft:stick":12,"minecraft:wooden_pickaxe":1,"minecraft:stone_pickaxe":1,"minecraft:stone_sword":1,"minecraft:stone_axe":1},"minecraft:picked_up":{"minecraft:stick":13,"minecraft:crafting_table":2,"minecraft:feather":1,"minecraft:chicken":5,"minecraft:leather":5,"minecraft:porkchop":3,"minecraft:oak_log":38,"tombstone:grave_dust":1,"minecraft:dirt":6,"minecraft:rotten_flesh":2,"minecraft:apple":4,"minecraft:beef":8,"minecraft:oak_sapling":20,"minecraft:cobblestone":14,"minecraft:egg":1},"minecraft:killed":{"treasure2:bound_soul":2,"minecraft:pig":1,"minecraft:chicken":5,"alexsmobs:raccoon":1,"minecraft:cow":5},"minecraft:mined":{"minecraft:crafting_table":2,"minecraft:grass":12,"minecraft:grass_block":6,"minecraft:oak_log":38,"minecraft:gravel":1,"minecraft:tall_grass":2,"minecraft:stone":14},"minecraft:used":{"minecraft:apple":4,"minecraft:stone_sword":32,"minecraft:stone_pickaxe":6,"minecraft:wooden_pickaxe":8,"minecraft:stone_axe":41,"minecraft:crafting_table":2,"minecraft:oak_sapling":3,"alexsmobs:animal_dictionary":3},"minecraft:custom":{"minecraft:time_since_rest":1132,"minecraft:interact_with_furnace":4,"minecraft:sprint_one_cm":21977,"minecraft:damage_taken":140,"minecraft:walk_one_cm":55271,"minecraft:mob_kills":14,"minecraft:damage_dealt":1348,"minecraft:interact_with_crafting_table":3,"minecraft:fly_one_cm":38548,"minecraft:crouch_one_cm":5173,"minecraft:play_time":17550,"tombstone:undead_killed":2,"minecraft:sneak_time":1502,"minecraft:walk_under_water_one_cm":141,"minecraft:jump":265,"minecraft:time_since_death":17550,"minecraft:walk_on_water_one_cm":4204,"minecraft:sleep_in_bed":1,"minecraft:total_world_time":17550,"minecraft:fall_one_cm":8762}},"DataVersion":3120}