{"stats":{"minecraft:mined":{"minecraft:crafting_table":4,"minecraft:grass_block":15,"minecraft:copper_ore":5,"minecraft:tall_grass":7,"minecraft:cobblestone":3,"minecraft:oak_planks":3,"minecraft:wall_torch":1,"minecraft:furnace":6,"minecraft:iron_ore":2,"minecraft:andesite":25,"minecraft:grass":23,"minecraft:oak_log":18,"minecraft:coal_ore":56,"minecraft:dirt":23,"minecraft:stone":131},"minecraft:killed_by":{"minecraft:creeper":1},"minecraft:dropped":{"minecraft:cooked_porkchop":2,"iceandfire:armor_copper_metal_chestplate":1,"minecraft:cobblestone":10,"spartanshields:copper_tower_shield":1,"minecraft:oak_sapling":8,"minecraft:wooden_pickaxe":1},"minecraft:killed":{"minecraft:pig":2,"minecraft:spider":3,"minecraft:creeper":1,"minecraft:skeleton":3,"minecraft:sheep":2,"minecraft:zombie":4,"minecraft:chicken":7,"alexsmobs:bison":9,"alexsmobs:fly":1,"minecraft:cow":2},"minecraft:crafted":{"minecraft:cooked_beef":7,"minecraft:oak_planks":72,"minecraft:cooked_porkchop":3,"minecraft:crafting_table":7,"minecraft:wooden_pickaxe":1,"spartanshields:wooden_tower_shield":2,"minecraft:furnace":26,"minecraft:copper_ingot":39,"minecraft:stone_axe":1,"minecraft:air":0,"minecraft:stick":16,"spartanshields:copper_tower_shield":2,"minecraft:stone_pickaxe":2,"iceandfire:armor_copper_metal_chestplate":2,"minecraft:stone_sword":1,"minecraft:chest":2,"easyhammers:stone_hammer":1,"minecraft:torch":24},"minecraft:used":{"minecraft:stone_sword":147,"easyhammers:stone_hammer":30,"iceandfire:armor_copper_metal_leggings":1,"minecraft:stone_pickaxe":197,"minecraft:oak_planks":3,"minecraft:chest":2,"minecraft:wooden_pickaxe":3,"minecraft:torch":10,"iceandfire:armor_copper_metal_boots":1,"minecraft:dirt":51,"minecraft:crafting_table":10,"minecraft:apple":1,"spartanshields:copper_tower_shield":42,"minecraft:stone_axe":19,"minecraft:cobblestone":22,"minecraft:cooked_porkchop":1,"minecraft:furnace":24,"iceandfire:armor_copper_metal_helmet":1,"minecraft:andesite":22,"tombstone:gift":2,"minecraft:cooked_beef":10},"minecraft:broken":{"minecraft:stone_pickaxe":1,"minecraft:stone_sword":1},"minecraft:custom":{"minecraft:interact_with_furnace":48,"minecraft:mob_kills":34,"minecraft:interact_with_crafting_table":27,"minecraft:time_since_death":18169,"minecraft:time_since_rest":18029,"minecraft:sprint_one_cm":72590,"minecraft:damage_taken":1689,"minecraft:walk_one_cm":151624,"minecraft:damage_blocked_by_shield":820,"minecraft:drop":6,"minecraft:damage_dealt":7074,"minecraft:fly_one_cm":125837,"minecraft:open_chest":2,"tombstone:undead_killed":7,"minecraft:crouch_one_cm":23843,"minecraft:play_time":65621,"minecraft:deaths":2,"minecraft:sneak_time":7734,"minecraft:jump":908,"minecraft:walk_on_water_one_cm":15602,"minecraft:total_world_time":65621,"minecraft:fall_one_cm":24419},"minecraft:picked_up":{"minecraft:crafting_table":4,"minecraft:feather":8,"minecraft:cooked_beef":16,"minecraft:chicken":7,"minecraft:andesite":108,"minecraft:leather":3,"minecraft:potato":1,"alexsmobs:bison_fur":12,"minecraft:oak_log":18,"minecraft:gunpowder":2,"iceandfire:armor_copper_metal_helmet":1,"minecraft:string":3,"minecraft:dirt":56,"minecraft:raw_copper":18,"minecraft:bone":1,"minecraft:apple":1,"minecraft:wheat_seeds":5,"minecraft:beef":64,"minecraft:oak_planks":3,"minecraft:egg":1,"minecraft:furnace":6,"minecraft:stick":5,"minecraft:raw_iron":2,"iceandfire:armor_copper_metal_leggings":1,"minecraft:copper_ingot":4,"minecraft:dandelion":1,"iceandfire:silver_ore":1,"minecraft:porkchop":3,"iceandfire:armor_copper_metal_boots":1,"minecraft:spider_eye":1,"minecraft:bundle":1,"minecraft:arrow":4,"minecraft:rotten_flesh":2,"alexsmobs:maggot":2,"minecraft:oak_sapling":8,"minecraft:mutton":2,"minecraft:coal":109,"minecraft:white_wool":2,"minecraft:cobblestone":273}},"DataVersion":3120}