{"stats":{"minecraft:mined":{"minecraft:grass":2,"minecraft:oak_log":12},"minecraft:crafted":{"minecraft:crafting_table":1,"minecraft:oak_planks":48},"minecraft:picked_up":{"minecraft:stick":4,"minecraft:oak_log":12,"minecraft:oak_sapling":5,"minecraft:wheat_seeds":1,"minecraft:dirt":1},"minecraft:custom":{"minecraft:jump":33,"minecraft:time_since_rest":5621,"minecraft:crouch_one_cm":2140,"minecraft:play_time":5621,"minecraft:damage_taken":443,"minecraft:time_since_death":5621,"minecraft:walk_one_cm":8700,"minecraft:sneak_time":804,"minecraft:total_world_time":5621,"minecraft:fly_one_cm":590}},"DataVersion":3120}