{"stats":{"minecraft:picked_up":{"minecraft:wheat_seeds":1},"minecraft:killed_by":{"alexsmobs:bison":1},"minecraft:dropped":{"minecraft:wheat_seeds":1},"minecraft:mined":{"minecraft:grass":1,"unusualprehistory:splattered_tar":2},"minecraft:custom":{"minecraft:jump":53,"minecraft:time_since_rest":777,"minecraft:leave_game":1,"minecraft:deaths":1,"minecraft:damage_dealt":10,"minecraft:crouch_one_cm":332,"minecraft:sprint_one_cm":3573,"minecraft:play_time":4207,"minecraft:damage_taken":290,"minecraft:time_since_death":1266,"minecraft:walk_one_cm":12705,"minecraft:sneak_time":62,"minecraft:total_world_time":4207,"minecraft:drop":1,"minecraft:fall_one_cm":2661,"minecraft:fly_one_cm":11130}},"DataVersion":3120}