{"stat.chestOpened":1,"stat.walkOneCm":71177,"stat.pickup.minecraft.bone":8,"stat.leaveGame":3,"stat.mineBlock.minecraft.vine":3,"stat.pickup.minecraft.arrow":2,"stat.pickup.minecraft.log":5,"stat.pickup.minecraft.string":2,"stat.jump":274,"stat.useItem.minecraft.sand":416,"stat.swimOneCm":2253,"stat.fallOneCm":5408,"stat.climbOneCm":205,"stat.pickup.minecraft.iron_ingot":5,"stat.useItem.securitycraft.claymore":1,"stat.entityKilledBy.Skeleton":1,"stat.crouchOneCm":21513,"stat.pickup.minecraft.spider_eye":1,"stat.pickup.minecraft.dirt":8,"stat.sprintOneCm":24041,"stat.useItem.minecraft.stone_slab2":22,"stat.pickup.minecraft.gold_ingot":5,"stat.pickup.minecraft.rotten_flesh":5,"stat.pickup.minecraft.sand":50,"stat.craftItem.minecraft.planks":16,"stat.damageTaken":510,"stat.killEntity.Spider":1,"stat.dispenserInspected":2,"stat.mobKills":1,"stat.mineBlock.minecraft.log":4,"stat.pickup.minecraft.planks":16,"stat.flyOneCm":89024,"stat.deaths":1,"stat.pickup.minecraft.sandstone":1,"stat.mineBlock.minecraft.leaves":3,"stat.mineBlock.minecraft.sand":13,"stat.pickup.securitycraft.mine":1,"stat.playOneMinute":30757,"stat.sneakTime":5487,"stat.damageDealt":252,"stat.timeSinceDeath":24638,"stat.useItem.minecraft.spider_eye":1,"stat.useItem.minecraft.spawn_egg":5,"stat.diveOneCm":2996,"stat.pickup.securitycraft.claymore":1}