{"stats":{"minecraft:mined":{"minecraft:crafting_table":3,"minecraft:grass_block":15,"minecraft:copper_ore":5,"minecraft:tall_grass":6,"minecraft:cobblestone":2,"minecraft:oak_planks":3,"minecraft:wall_torch":1,"minecraft:furnace":6,"minecraft:iron_ore":2,"minecraft:andesite":16,"minecraft:grass":20,"minecraft:oak_log":18,"minecraft:coal_ore":56,"minecraft:dirt":23,"minecraft:stone":117},"minecraft:killed_by":{"minecraft:creeper":1},"minecraft:dropped":{"minecraft:cooked_porkchop":2,"iceandfire:armor_copper_metal_chestplate":1,"minecraft:cobblestone":10,"spartanshields:copper_tower_shield":1,"minecraft:oak_sapling":8,"minecraft:wooden_pickaxe":1},"minecraft:killed":{"minecraft:pig":2,"minecraft:sheep":2,"minecraft:zombie":2,"minecraft:chicken":5,"alexsmobs:bison":9,"alexsmobs:fly":1,"minecraft:cow":2},"minecraft:crafted":{"minecraft:cooked_beef":7,"minecraft:oak_planks":72,"minecraft:cooked_porkchop":3,"minecraft:crafting_table":2,"minecraft:wooden_pickaxe":1,"spartanshields:wooden_tower_shield":2,"minecraft:furnace":4,"minecraft:copper_ingot":39,"minecraft:stone_axe":1,"minecraft:air":0,"minecraft:stick":16,"spartanshields:copper_tower_shield":2,"minecraft:stone_pickaxe":2,"iceandfire:armor_copper_metal_chestplate":2,"minecraft:stone_sword":1,"easyhammers:stone_hammer":1,"minecraft:torch":24},"minecraft:used":{"minecraft:stone_sword":117,"easyhammers:stone_hammer":28,"iceandfire:armor_copper_metal_leggings":1,"minecraft:stone_pickaxe":175,"minecraft:oak_planks":3,"minecraft:wooden_pickaxe":3,"minecraft:torch":10,"iceandfire:armor_copper_metal_boots":1,"minecraft:dirt":51,"minecraft:crafting_table":4,"minecraft:apple":1,"spartanshields:copper_tower_shield":27,"minecraft:stone_axe":12,"minecraft:cobblestone":21,"minecraft:cooked_porkchop":1,"minecraft:furnace":6,"iceandfire:armor_copper_metal_helmet":1,"minecraft:andesite":22,"tombstone:gift":2,"minecraft:cooked_beef":6},"minecraft:broken":{"minecraft:stone_pickaxe":1},"minecraft:custom":{"minecraft:interact_with_furnace":39,"minecraft:mob_kills":23,"minecraft:interact_with_crafting_table":19,"minecraft:time_since_death":6169,"minecraft:time_since_rest":6029,"minecraft:sprint_one_cm":55963,"minecraft:damage_taken":1409,"minecraft:walk_one_cm":115918,"minecraft:damage_blocked_by_shield":400,"minecraft:drop":6,"minecraft:damage_dealt":5314,"minecraft:fly_one_cm":100410,"tombstone:undead_killed":2,"minecraft:crouch_one_cm":22662,"minecraft:play_time":53621,"minecraft:deaths":2,"minecraft:sneak_time":7555,"minecraft:jump":782,"minecraft:walk_on_water_one_cm":15602,"minecraft:total_world_time":53621,"minecraft:fall_one_cm":21491},"minecraft:picked_up":{"minecraft:crafting_table":3,"minecraft:feather":6,"minecraft:cooked_beef":16,"minecraft:chicken":5,"minecraft:andesite":92,"minecraft:leather":3,"minecraft:potato":1,"alexsmobs:bison_fur":12,"minecraft:oak_log":18,"iceandfire:armor_copper_metal_helmet":1,"minecraft:dirt":56,"minecraft:raw_copper":18,"minecraft:apple":1,"minecraft:wheat_seeds":5,"minecraft:beef":64,"minecraft:oak_planks":3,"minecraft:furnace":6,"minecraft:stick":5,"minecraft:raw_iron":2,"iceandfire:armor_copper_metal_leggings":1,"minecraft:copper_ingot":4,"minecraft:dandelion":1,"iceandfire:silver_ore":1,"minecraft:porkchop":3,"iceandfire:armor_copper_metal_boots":1,"minecraft:arrow":1,"minecraft:rotten_flesh":1,"alexsmobs:maggot":2,"minecraft:oak_sapling":8,"minecraft:mutton":2,"minecraft:coal":109,"minecraft:white_wool":2,"minecraft:cobblestone":249}},"DataVersion":3120}