{"stats":{"minecraft:crafted":{"minecraft:oak_planks":24,"minecraft:charcoal":2,"minecraft:cooked_porkchop":3,"minecraft:crafting_table":1,"minecraft:stick":12,"minecraft:cooked_chicken":5,"minecraft:wooden_pickaxe":1,"minecraft:stone_pickaxe":1,"minecraft:stone_sword":1,"minecraft:stone_axe":1,"minecraft:air":0},"minecraft:picked_up":{"minecraft:stick":13,"minecraft:crafting_table":2,"minecraft:feather":1,"minecraft:chicken":5,"minecraft:andesite":3,"minecraft:leather":5,"treasure2:crate_chest":1,"minecraft:porkchop":3,"minecraft:oak_log":38,"tombstone:grave_dust":1,"minecraft:diorite":3,"minecraft:dirt":46,"minecraft:brown_carpet":9,"minecraft:bone":2,"minecraft:arrow":1,"treasure2:milk_crate":1,"minecraft:rotten_flesh":4,"minecraft:apple":4,"minecraft:wheat_seeds":2,"minecraft:beef":8,"minecraft:oak_sapling":20,"minecraft:mutton":5,"minecraft:white_wool":4,"minecraft:cobblestone":39,"minecraft:egg":1},"minecraft:killed":{"minecraft:sheep":4,"treasure2:bound_soul":3,"minecraft:pig":1,"minecraft:chicken":5,"alexsmobs:raccoon":1,"alexsmobs:crow":1,"minecraft:cow":5},"minecraft:mined":{"treasure2:milk_crate":1,"treasure2:crate_chest":1,"minecraft:brown_carpet":9,"minecraft:andesite":3,"minecraft:crafting_table":2,"minecraft:grass":34,"minecraft:grass_block":10,"minecraft:oak_log":38,"minecraft:gravel":1,"minecraft:dirt":36,"minecraft:tall_grass":5,"minecraft:spruce_leaves":1,"minecraft:stone":39,"minecraft:diorite":3},"minecraft:used":{"minecraft:diorite":3,"minecraft:apple":4,"minecraft:stone_sword":55,"minecraft:stone_pickaxe":38,"minecraft:wooden_pickaxe":8,"minecraft:cooked_chicken":5,"minecraft:stone_axe":47,"minecraft:dirt":31,"minecraft:brown_carpet":9,"minecraft:crafting_table":2,"minecraft:oak_sapling":3,"minecraft:andesite":3,"alexsmobs:animal_dictionary":3},"minecraft:custom":{"minecraft:time_since_rest":13132,"minecraft:interact_with_furnace":7,"minecraft:sprint_one_cm":29747,"minecraft:damage_taken":410,"minecraft:walk_one_cm":103345,"minecraft:mob_kills":20,"minecraft:damage_dealt":1969,"minecraft:interact_with_crafting_table":3,"minecraft:fly_one_cm":56321,"minecraft:crouch_one_cm":7457,"minecraft:play_time":29550,"tombstone:undead_killed":3,"minecraft:sneak_time":2536,"minecraft:walk_under_water_one_cm":141,"minecraft:jump":537,"minecraft:time_since_death":29550,"minecraft:walk_on_water_one_cm":4778,"minecraft:sleep_in_bed":1,"minecraft:total_world_time":29550,"minecraft:fall_one_cm":13616}},"DataVersion":3120}