{"stats":{"minecraft:crafted":{"minecraft:oak_door":3,"minecraft:oak_planks":332,"spartanshields:wooden_tower_shield":2,"minecraft:cooked_chicken":10,"minecraft:furnace":26,"spartanshields:copper_tower_shield":2,"minecraft:stone_pickaxe":6,"iceandfire:armor_copper_metal_chestplate":2,"minecraft:chest":14,"minecraft:cooked_beef":67,"minecraft:cooked_porkchop":3,"minecraft:crafting_table":7,"minecraft:wooden_pickaxe":1,"minecraft:brown_bed":1,"minecraft:copper_ingot":39,"minecraft:bucket":1,"minecraft:stone_axe":2,"minecraft:air":0,"minecraft:stick":16,"minecraft:brown_wool":3,"minecraft:iron_ingot":17,"minecraft:stone_sword":2,"easyhammers:stone_hammer":1,"minecraft:white_bed":1,"minecraft:torch":24},"minecraft:killed":{"alexsmobs:lobster":1,"minecraft:spider":4,"minecraft:skeleton":8,"minecraft:chicken":12,"alexsmobs:bison":9,"minecraft:pig":2,"minecraft:creeper":3,"minecraft:sheep":7,"minecraft:zombie":15,"alexsmobs:fly":1,"minecraft:cow":7},"minecraft:picked_up":{"minecraft:crafting_table":4,"minecraft:chicken":12,"minecraft:string":3,"minecraft:raw_copper":49,"minecraft:cobbled_deepslate":166,"unusualprehistory:paleo_fossil":4,"minecraft:beef":75,"unusualprehistory:plant_fossil_item":27,"minecraft:iron_pickaxe":2,"minecraft:sugar_cane":4,"minecraft:chest":4,"minecraft:egg":3,"minecraft:furnace":6,"minecraft:raw_iron":96,"minecraft:stick":31,"minecraft:copper_ingot":4,"iceandfire:armor_copper_metal_leggings":1,"minecraft:torch":90,"iceandfire:silver_ore":10,"minecraft:porkchop":3,"tombstone:grave_dust":3,"minecraft:diorite":76,"iceandfire:armor_copper_metal_boots":1,"minecraft:redstone":13,"minecraft:arrow":12,"minecraft:rotten_flesh":10,"iceandfire:deepslate_silver_ore":6,"minecraft:mutton":10,"alexsmobs:lobster_tail":1,"minecraft:white_wool":6,"minecraft:cobblestone":863,"minecraft:oxeye_daisy":1,"minecraft:feather":15,"minecraft:cooked_beef":16,"minecraft:glow_ink_sac":1,"minecraft:andesite":284,"minecraft:leather":8,"minecraft:potato":1,"alexsmobs:bison_fur":12,"minecraft:tuff":25,"minecraft:oak_log":113,"iceandfire:armor_copper_metal_helmet":1,"minecraft:gunpowder":4,"minecraft:lapis_lazuli":140,"minecraft:dirt":104,"minecraft:bone":5,"minecraft:apple":4,"minecraft:bow":2,"minecraft:wheat_seeds":7,"minecraft:raw_gold":41,"minecraft:oak_planks":3,"minecraft:pumpkin":15,"minecraft:dandelion":1,"minecraft:gravel":14,"minecraft:sand":3,"minecraft:spider_eye":2,"minecraft:bundle":2,"minecraft:diamond":3,"minecraft:granite":5,"treasure2:sapphire":2,"alexsmobs:maggot":2,"minecraft:oak_sapling":46,"minecraft:black_wool":1,"minecraft:coal":145},"minecraft:killed_by":{"minecraft:creeper":1},"minecraft:used":{"minecraft:stone_sword":246,"iceandfire:armor_copper_metal_leggings":1,"minecraft:chest":18,"minecraft:oak_door":2,"minecraft:torch":77,"iceandfire:silver_ore":1,"iceandfire:armor_copper_metal_boots":1,"minecraft:dirt":88,"minecraft:tuff":22,"minecraft:granite":4,"minecraft:furnace":24,"iceandfire:armor_copper_metal_helmet":1,"tombstone:gift":4,"minecraft:cooked_beef":31,"minecraft:cobbled_deepslate":118,"minecraft:diorite":26,"easyhammers:stone_hammer":59,"minecraft:stone_pickaxe":787,"minecraft:oak_planks":3,"minecraft:wooden_pickaxe":3,"minecraft:crafting_table":10,"minecraft:white_bed":1,"minecraft:apple":1,"minecraft:iron_pickaxe":502,"spartanshields:copper_tower_shield":50,"minecraft:stone_axe":157,"minecraft:cobblestone":157,"minecraft:cooked_porkchop":1,"minecraft:andesite":120},"minecraft:broken":{"minecraft:stone_sword":1,"minecraft:stone_pickaxe":6,"minecraft:stone_axe":1,"minecraft:iron_pickaxe":2},"minecraft:mined":{"minecraft:tuff":26,"iceandfire:silver_ore":8,"minecraft:deepslate_diamond_ore":3,"minecraft:glow_lichen":1,"minecraft:granite":5,"minecraft:grass_block":15,"unusualprehistory:deepslate_fossil":4,"unusualprehistory:plant_fossil":19,"iceandfire:deepslate_silver_ore":6,"minecraft:oxeye_daisy":2,"minecraft:furnace":6,"minecraft:iron_ore":51,"minecraft:cobbled_deepslate":7,"minecraft:andesite":197,"minecraft:pumpkin":15,"minecraft:deepslate_lapis_ore":21,"minecraft:deepslate_iron_ore":47,"minecraft:stone":549,"minecraft:deepslate_redstone_ore":3,"unusualprehistory:deepslate_plant_fossil":8,"minecraft:crafting_table":4,"minecraft:torch":2,"minecraft:chest":4,"minecraft:tall_grass":15,"minecraft:copper_ore":13,"minecraft:cobblestone":5,"minecraft:deepslate_gold_ore":41,"minecraft:sugar_cane":2,"minecraft:oak_planks":3,"minecraft:diorite":76,"minecraft:wall_torch":7,"minecraft:birch_leaves":3,"minecraft:grass":34,"minecraft:oak_log":113,"minecraft:coal_ore":92,"minecraft:sand":3,"minecraft:gravel":7,"minecraft:dirt":35,"treasure2:deepslate_sapphire_ore":2,"minecraft:oak_leaves":12,"minecraft:deepslate":159},"minecraft:dropped":{"minecraft:cooked_porkchop":2,"iceandfire:armor_copper_metal_chestplate":1,"minecraft:cobblestone":10,"minecraft:raw_iron":43,"spartanshields:copper_tower_shield":1,"minecraft:oak_sapling":8,"minecraft:brown_bed":1,"minecraft:wooden_pickaxe":1},"minecraft:custom":{"minecraft:mob_kills":68,"minecraft:interact_with_crafting_table":47,"minecraft:leave_game":3,"minecraft:time_since_death":165523,"minecraft:sprint_one_cm":283489,"minecraft:walk_one_cm":412829,"minecraft:damage_blocked_by_shield":1160,"minecraft:drop":9,"minecraft:play_time":212975,"minecraft:deaths":2,"minecraft:sneak_time":38455,"minecraft:walk_under_water_one_cm":149,"minecraft:jump":3155,"minecraft:walk_on_water_one_cm":24025,"minecraft:total_world_time":212975,"minecraft:interact_with_furnace":65,"minecraft:sleep_in_bed":2,"minecraft:time_since_rest":74007,"minecraft:damage_taken":3063,"minecraft:damage_dealt":11989,"minecraft:swim_one_cm":1179,"minecraft:fly_one_cm":416668,"minecraft:open_chest":95,"minecraft:crouch_one_cm":83521,"tombstone:undead_killed":23,"minecraft:fall_one_cm":75999}},"DataVersion":3120}