{"stats":{"minecraft:killed_by":{"minecraft:creeper":2},"minecraft:killed":{"alexsmobs:lobster":1,"minecraft:spider":5,"alexsmobs:seagull":1,"minecraft:skeleton":21,"alexsmobs:blue_jay":1,"minecraft:chicken":15,"alexsmobs:bison":10,"treasure2:bound_soul":1,"minecraft:pig":5,"minecraft:creeper":15,"minecraft:sheep":13,"minecraft:pillager":5,"minecraft:zombie":34,"iceandfire:ghost":12,"unusualprehistory:sludge":1,"alexsmobs:fly":2,"minecraft:cow":10},"minecraft:crafted":{"minecraft:oak_door":3,"minecraft:oak_planks":332,"minecraft:stone_shovel":3,"spartanshields:wooden_tower_shield":4,"minecraft:cooked_chicken":10,"usefulbackpacks:backpack_small":2,"minecraft:furnace":26,"minecraft:bone_meal":6,"minecraft:pink_dye":2,"minecraft:leather":22,"spartanshields:copper_tower_shield":2,"minecraft:stone_pickaxe":6,"iceandfire:armor_copper_metal_chestplate":2,"minecraft:chest":14,"usefulbackpacks:backpack_medium":2,"minecraft:cooked_beef":67,"minecraft:red_dye":1,"minecraft:cooked_porkchop":3,"minecraft:crafting_table":8,"spartanshields:iron_tower_shield":2,"minecraft:baked_potato":50,"minecraft:wooden_pickaxe":1,"minecraft:iron_sword":1,"minecraft:brown_bed":1,"minecraft:copper_ingot":81,"minecraft:bucket":1,"minecraft:stone_axe":2,"minecraft:air":0,"minecraft:blue_dye":1,"minecraft:white_wool":3,"minecraft:white_dye":6,"usefulbackpacks:backpack_large":2,"minecraft:stick":36,"minecraft:brown_wool":3,"minecraft:iron_ingot":119,"minecraft:iron_leggings":1,"minecraft:stone_sword":3,"easyhammers:stone_hammer":1,"minecraft:light_gray_dye":1,"minecraft:white_bed":1,"minecraft:torch":48,"minecraft:shears":1},"minecraft:custom":{"minecraft:mob_kills":149,"minecraft:interact_with_crafting_table":64,"minecraft:leave_game":5,"minecraft:time_since_death":123854,"minecraft:climb_one_cm":256,"minecraft:sprint_one_cm":609809,"minecraft:walk_one_cm":769608,"minecraft:damage_blocked_by_shield":2230,"minecraft:drop":29,"minecraft:play_time":381222,"minecraft:sneak_time":47898,"minecraft:deaths":3,"minecraft:walk_under_water_one_cm":15274,"minecraft:jump":5645,"minecraft:walk_on_water_one_cm":63508,"minecraft:total_world_time":381222,"minecraft:interact_with_furnace":107,"tombstone:raider_killed":5,"minecraft:sleep_in_bed":7,"minecraft:time_since_rest":48930,"minecraft:damage_taken":5485,"minecraft:trigger_trapped_chest":2,"minecraft:damage_dealt":25021,"minecraft:swim_one_cm":25233,"minecraft:fly_one_cm":941502,"minecraft:open_chest":249,"minecraft:crouch_one_cm":114359,"tombstone:undead_killed":68,"minecraft:fall_one_cm":131345},"minecraft:used":{"treasure2:viking_chest":2,"minecraft:stone_sword":360,"iceandfire:armor_copper_metal_leggings":1,"minecraft:stone_shovel":307,"minecraft:chest":18,"minecraft:iron_sword":189,"minecraft:iron_chestplate":1,"minecraft:oak_door":2,"minecraft:torch":130,"iceandfire:silver_ore":1,"iceandfire:armor_copper_metal_boots":1,"minecraft:dirt":132,"minecraft:tuff":22,"minecraft:granite":4,"minecraft:furnace":24,"iceandfire:armor_copper_metal_helmet":1,"tombstone:gift":10,"minecraft:skeleton_skull":2,"minecraft:cooked_beef":47,"minecraft:potato":38,"minecraft:cobbled_deepslate":127,"minecraft:iron_leggings":1,"minecraft:water_bucket":5,"minecraft:diorite":44,"easyhammers:stone_hammer":63,"minecraft:stone_pickaxe":794,"cgm:pistol":80,"minecraft:baked_potato":30,"minecraft:oak_planks":3,"minecraft:wooden_pickaxe":3,"minecraft:sandstone":3,"spartanshields:iron_tower_shield":18,"minecraft:sand":2,"minecraft:crafting_table":11,"minecraft:white_bed":1,"minecraft:light_gray_concrete_powder":1,"minecraft:shears":40,"minecraft:apple":1,"minecraft:iron_pickaxe":750,"iceandfire:graveyard_soil":1,"spartanshields:copper_tower_shield":91,"minecraft:gravel":2,"minecraft:stone_axe":178,"minecraft:cobblestone":230,"minecraft:cooked_porkchop":1,"minecraft:andesite":120,"minecraft:bucket":6,"minecraft:bone_meal":166,"minecraft:cobweb":14},"minecraft:mined":{"minecraft:tuff":26,"iceandfire:graveyard_soil":1,"iceandfire:silver_ore":9,"minecraft:deepslate_diamond_ore":3,"minecraft:glow_lichen":1,"minecraft:granite":24,"minecraft:grass_block":23,"unusualprehistory:deepslate_fossil":6,"unusualprehistory:plant_fossil":20,"iceandfire:deepslate_silver_ore":8,"minecraft:spruce_leaves":9,"minecraft:sandstone":6,"minecraft:oxeye_daisy":3,"minecraft:large_fern":6,"minecraft:furnace":6,"minecraft:iron_ore":75,"minecraft:cobbled_deepslate":9,"minecraft:andesite":198,"minecraft:pumpkin":15,"minecraft:deepslate_lapis_ore":21,"minecraft:potatoes":1,"minecraft:deepslate_iron_ore":50,"minecraft:vine":2,"minecraft:stone":632,"unusualprehistory:stone_tar_fossil":3,"minecraft:white_wool":40,"minecraft:deepslate_redstone_ore":3,"unusualprehistory:deepslate_plant_fossil":8,"minecraft:crafting_table":4,"minecraft:cornflower":1,"minecraft:torch":3,"minecraft:poppy":2,"minecraft:chest":4,"minecraft:copper_ore":15,"minecraft:tall_grass":20,"minecraft:cobblestone":6,"minecraft:deepslate_coal_ore":4,"treasure2:viking_chest":2,"minecraft:deepslate_gold_ore":41,"minecraft:sugar_cane":3,"minecraft:oak_planks":11,"minecraft:diorite":98,"minecraft:wall_torch":11,"minecraft:skeleton_skull":3,"minecraft:sweet_berry_bush":16,"unusualprehistory:stone_fossil":2,"minecraft:birch_leaves":3,"unusualprehistory:tar":6,"minecraft:wither_rose":1,"minecraft:grass":61,"minecraft:oak_log":113,"minecraft:coal_ore":101,"minecraft:gravel":10,"minecraft:sand":316,"minecraft:dirt":51,"minecraft:cobweb":14,"treasure2:deepslate_sapphire_ore":2,"unusualprehistory:splattered_tar":2,"minecraft:oak_leaves":13,"minecraft:deepslate":224,"minecraft:fern":1},"minecraft:broken":{"spartanshields:copper_tower_shield":1,"minecraft:stone_sword":2,"minecraft:stone_pickaxe":6,"iceandfire:armor_copper_metal_leggings":1,"minecraft:stone_axe":1,"minecraft:iron_pickaxe":3,"minecraft:stone_shovel":2,"iceandfire:armor_copper_metal_helmet":1},"minecraft:dropped":{"spartanshields:iron_tower_shield":1,"minecraft:cooked_beef":2,"minecraft:cooked_porkchop":2,"iceandfire:armor_copper_metal_chestplate":1,"minecraft:cobblestone":10,"minecraft:copper_ingot":42,"treasure2:stone_key":1,"minecraft:torch":31,"minecraft:sand":298,"minecraft:iron_pickaxe":1,"usefulbackpacks:backpack_large":1,"minecraft:goat_horn":1,"minecraft:raw_iron":43,"minecraft:light_gray_concrete":2,"cgm:basic_bullet":127,"minecraft:bundle":1,"minecraft:skeleton_skull":1,"spartanshields:copper_tower_shield":1,"minecraft:oak_sapling":8,"minecraft:brown_bed":1,"minecraft:wooden_pickaxe":1},"minecraft:picked_up":{"minecraft:crafting_table":4,"minecraft:iron_chestplate":1,"cgm:basic_bullet":405,"minecraft:clay_ball":1,"minecraft:chicken":15,"treasure2:viking_chest":2,"minecraft:leather_leggings":1,"minecraft:wither_rose":1,"minecraft:brick":1,"minecraft:cornflower":1,"minecraft:string":19,"minecraft:raw_copper":55,"iceandfire:graveyard_soil":1,"treasure2:stone_key":2,"unusualprehistory:paleo_fossil":6,"minecraft:cobbled_deepslate":240,"minecraft:beef":87,"unusualprehistory:plant_fossil_item":28,"minecraft:poppy":2,"minecraft:iron_pickaxe":2,"minecraft:sugar_cane":7,"minecraft:chest":4,"minecraft:furnace":6,"minecraft:iron_boots":1,"minecraft:egg":3,"treasure2:copper_short_sword":1,"unusualprehistory:tar_fossil_item":7,"minecraft:stick":42,"minecraft:raw_iron":133,"minecraft:sandstone":6,"minecraft:copper_ingot":28,"iceandfire:armor_copper_metal_leggings":1,"treasure2:pilferers_lock_pick":1,"minecraft:torch":162,"iceandfire:silver_ore":11,"minecraft:porkchop":10,"tombstone:grave_dust":16,"minecraft:diorite":102,"iceandfire:armor_copper_metal_boots":1,"minecraft:redstone":14,"minecraft:goat_horn":1,"minecraft:arrow":22,"minecraft:rotten_flesh":33,"minecraft:cooked_cod":2,"minecraft:saddle":1,"iceandfire:deepslate_silver_ore":8,"minecraft:mutton":21,"alexsmobs:lobster_tail":1,"minecraft:skeleton_skull":3,"minecraft:white_wool":53,"minecraft:cobblestone":1016,"minecraft:oxeye_daisy":2,"treasure2:chipped_copper_short_sword":1,"minecraft:feather":20,"minecraft:cooked_beef":16,"minecraft:glow_ink_sac":1,"minecraft:andesite":287,"minecraft:brown_wool":1,"minecraft:leather":12,"minecraft:music_disc_stal":1,"minecraft:potato":87,"alexsmobs:bison_fur":14,"minecraft:tuff":25,"minecraft:oak_log":113,"iceandfire:ectoplasm":5,"minecraft:golden_boots":1,"minecraft:gunpowder":11,"iceandfire:armor_copper_metal_helmet":1,"minecraft:lapis_lazuli":140,"minecraft:dirt":171,"tombstone:gift":1,"minecraft:light_gray_concrete_powder":1,"minecraft:bone":20,"minecraft:apple":4,"minecraft:bow":3,"minecraft:wheat_seeds":13,"minecraft:raw_gold":41,"minecraft:stone_pickaxe":1,"minecraft:iron_ingot":60,"minecraft:oak_planks":11,"minecraft:sweet_berries":40,"minecraft:pumpkin":15,"minecraft:dandelion":1,"minecraft:gravel":16,"minecraft:sand":316,"minecraft:spruce_sapling":1,"minecraft:spider_eye":4,"treasure2:copper_coin":2,"minecraft:bundle":2,"cgm:pistol":1,"minecraft:light_gray_concrete":2,"minecraft:diamond":3,"minecraft:iron_helmet":1,"minecraft:granite":33,"treasure2:sapphire":2,"minecraft:bone_meal":166,"minecraft:golden_apple":5,"unusualprehistory:mezo_fossil":2,"alexsmobs:maggot":3,"minecraft:oak_sapling":46,"minecraft:black_wool":2,"minecraft:coal":162}},"DataVersion":3120}