{"stats":{"minecraft:killed":{"minecraft:skeleton":1,"minecraft:zombie":2,"minecraft:chicken":2},"minecraft:custom":{"minecraft:time_since_rest":7511,"minecraft:sprint_one_cm":35928,"minecraft:damage_taken":750,"minecraft:walk_one_cm":36773,"minecraft:mob_kills":5,"minecraft:drop":3,"minecraft:damage_dealt":718,"minecraft:interact_with_crafting_table":1,"minecraft:fly_one_cm":54183,"minecraft:crouch_one_cm":3692,"minecraft:play_time":13659,"tombstone:undead_killed":3,"minecraft:deaths":1,"minecraft:sneak_time":964,"minecraft:walk_under_water_one_cm":1756,"minecraft:jump":330,"minecraft:leave_game":1,"minecraft:time_since_death":8009,"minecraft:walk_on_water_one_cm":18,"minecraft:total_world_time":13659,"minecraft:fall_one_cm":15392},"minecraft:used":{"minecraft:oak_button":2,"minecraft:wooden_sword":16,"minecraft:crafting_table":1,"minecraft:stripped_oak_wood":1,"minecraft:egg":1,"minecraft:stripped_oak_log":14},"minecraft:picked_up":{"minecraft:feather":2,"minecraft:chicken":2,"minecraft:spruce_log":3,"minecraft:dirt":2,"minecraft:bone":2,"minecraft:wheat_seeds":2,"minecraft:egg":2},"minecraft:crafted":{"minecraft:wooden_sword":1,"minecraft:oak_planks":256,"minecraft:crafting_table":2,"minecraft:stick":4,"minecraft:spruce_planks":8,"minecraft:oak_button":2},"minecraft:dropped":{"usefulbackpacks:backpack_large":1,"usefulbackpacks:backpack_medium":1,"usefulbackpacks:backpack_small":1},"minecraft:mined":{"minecraft:large_fern":6,"minecraft:spruce_log":3,"minecraft:grass":1,"minecraft:grass_block":1,"minecraft:dirt":1,"minecraft:spruce_leaves":6,"minecraft:fern":5}},"DataVersion":3465}