{"stats":{"minecraft:crafted":{"minecraft:cooked_beef":67,"minecraft:oak_door":3,"minecraft:oak_planks":332,"minecraft:cooked_porkchop":3,"minecraft:crafting_table":7,"minecraft:wooden_pickaxe":1,"minecraft:cooked_chicken":10,"spartanshields:wooden_tower_shield":2,"minecraft:furnace":26,"minecraft:brown_bed":1,"minecraft:copper_ingot":39,"minecraft:stone_axe":2,"minecraft:air":0,"minecraft:stick":16,"spartanshields:copper_tower_shield":2,"minecraft:brown_wool":3,"iceandfire:armor_copper_metal_chestplate":2,"minecraft:stone_pickaxe":6,"minecraft:stone_sword":2,"minecraft:chest":8,"easyhammers:stone_hammer":1,"minecraft:white_bed":1,"minecraft:torch":24},"minecraft:killed":{"minecraft:pig":2,"minecraft:spider":3,"minecraft:creeper":3,"minecraft:skeleton":6,"minecraft:sheep":6,"minecraft:zombie":11,"minecraft:chicken":10,"alexsmobs:bison":9,"alexsmobs:fly":1,"minecraft:cow":3},"minecraft:picked_up":{"minecraft:crafting_table":4,"minecraft:feather":12,"minecraft:cooked_beef":16,"minecraft:chicken":10,"minecraft:glow_ink_sac":1,"minecraft:andesite":262,"minecraft:leather":3,"minecraft:potato":1,"alexsmobs:bison_fur":12,"minecraft:oak_log":113,"minecraft:gunpowder":4,"iceandfire:armor_copper_metal_helmet":1,"minecraft:lapis_lazuli":38,"minecraft:dirt":95,"minecraft:string":3,"minecraft:raw_copper":49,"minecraft:bone":3,"minecraft:apple":4,"minecraft:bow":2,"minecraft:wheat_seeds":7,"minecraft:cobbled_deepslate":6,"minecraft:raw_gold":8,"minecraft:beef":67,"unusualprehistory:plant_fossil_item":4,"minecraft:iron_pickaxe":2,"minecraft:sugar_cane":4,"minecraft:chest":4,"minecraft:oak_planks":3,"minecraft:furnace":6,"minecraft:egg":2,"minecraft:stick":31,"minecraft:raw_iron":47,"iceandfire:armor_copper_metal_leggings":1,"minecraft:copper_ingot":4,"minecraft:torch":88,"minecraft:dandelion":1,"iceandfire:silver_ore":7,"minecraft:gravel":14,"minecraft:porkchop":3,"minecraft:diorite":76,"iceandfire:armor_copper_metal_boots":1,"minecraft:spider_eye":1,"minecraft:bundle":2,"minecraft:arrow":11,"minecraft:rotten_flesh":8,"minecraft:granite":3,"iceandfire:deepslate_silver_ore":2,"alexsmobs:maggot":2,"minecraft:oak_sapling":46,"minecraft:black_wool":1,"minecraft:mutton":8,"minecraft:coal":145,"minecraft:white_wool":5,"minecraft:cobblestone":740,"minecraft:oxeye_daisy":1},"minecraft:killed_by":{"minecraft:creeper":1},"minecraft:used":{"minecraft:diorite":26,"minecraft:stone_sword":201,"easyhammers:stone_hammer":59,"iceandfire:armor_copper_metal_leggings":1,"minecraft:stone_pickaxe":787,"minecraft:oak_planks":3,"minecraft:chest":12,"minecraft:wooden_pickaxe":3,"minecraft:oak_door":2,"minecraft:torch":41,"iceandfire:silver_ore":1,"iceandfire:armor_copper_metal_boots":1,"minecraft:dirt":88,"minecraft:crafting_table":10,"minecraft:white_bed":1,"minecraft:granite":2,"minecraft:apple":1,"minecraft:iron_pickaxe":27,"spartanshields:copper_tower_shield":47,"minecraft:stone_axe":140,"minecraft:cobblestone":100,"iceandfire:armor_copper_metal_helmet":1,"minecraft:furnace":24,"minecraft:cooked_porkchop":1,"minecraft:andesite":99,"tombstone:gift":4,"minecraft:cooked_beef":19,"minecraft:cobbled_deepslate":3},"minecraft:broken":{"minecraft:stone_pickaxe":6,"minecraft:stone_sword":1,"minecraft:stone_axe":1},"minecraft:mined":{"iceandfire:silver_ore":5,"minecraft:glow_lichen":1,"minecraft:crafting_table":4,"minecraft:granite":3,"minecraft:grass_block":15,"unusualprehistory:plant_fossil":4,"minecraft:chest":4,"iceandfire:deepslate_silver_ore":2,"minecraft:copper_ore":13,"minecraft:tall_grass":12,"minecraft:cobblestone":5,"minecraft:deepslate_gold_ore":8,"minecraft:oak_planks":3,"minecraft:sugar_cane":2,"minecraft:oxeye_daisy":2,"minecraft:diorite":76,"minecraft:wall_torch":7,"minecraft:furnace":6,"minecraft:iron_ore":40,"minecraft:andesite":175,"minecraft:deepslate_lapis_ore":6,"minecraft:deepslate_iron_ore":7,"minecraft:grass":32,"minecraft:coal_ore":92,"minecraft:oak_log":113,"minecraft:gravel":7,"minecraft:dirt":26,"minecraft:stone":426,"minecraft:deepslate":6,"minecraft:oak_leaves":8},"minecraft:dropped":{"minecraft:cooked_porkchop":2,"minecraft:raw_iron":43,"iceandfire:armor_copper_metal_chestplate":1,"minecraft:cobblestone":10,"minecraft:brown_bed":1,"spartanshields:copper_tower_shield":1,"minecraft:oak_sapling":8,"minecraft:wooden_pickaxe":1},"minecraft:custom":{"minecraft:interact_with_furnace":64,"minecraft:mob_kills":53,"minecraft:interact_with_crafting_table":44,"minecraft:leave_game":3,"minecraft:time_since_death":105523,"minecraft:sleep_in_bed":2,"minecraft:time_since_rest":14007,"minecraft:sprint_one_cm":158099,"minecraft:damage_taken":2300,"minecraft:walk_one_cm":324945,"minecraft:damage_blocked_by_shield":1020,"minecraft:drop":9,"minecraft:damage_dealt":9910,"minecraft:fly_one_cm":245874,"minecraft:play_time":152975,"minecraft:open_chest":62,"minecraft:crouch_one_cm":55418,"minecraft:sneak_time":24353,"tombstone:undead_killed":17,"minecraft:deaths":2,"minecraft:jump":1809,"minecraft:walk_on_water_one_cm":16300,"minecraft:total_world_time":152975,"minecraft:fall_one_cm":47002}},"DataVersion":3120}