{"stats":{"minecraft:killed":{"minecraft:skeleton":1,"minecraft:zombie":2,"minecraft:chicken":2},"minecraft:custom":{"minecraft:time_since_rest":31511,"minecraft:sprint_one_cm":63169,"minecraft:damage_taken":750,"minecraft:walk_one_cm":60641,"minecraft:mob_kills":5,"minecraft:drop":3,"minecraft:damage_dealt":2643,"minecraft:interact_with_crafting_table":1,"minecraft:fly_one_cm":413768,"minecraft:crouch_one_cm":5201,"minecraft:play_time":37659,"tombstone:undead_killed":3,"minecraft:deaths":1,"minecraft:sneak_time":1600,"minecraft:walk_under_water_one_cm":1756,"minecraft:jump":680,"minecraft:leave_game":1,"minecraft:time_since_death":32009,"minecraft:walk_on_water_one_cm":18,"minecraft:total_world_time":37659,"minecraft:fall_one_cm":15392},"minecraft:used":{"iceandfire:ghost_sword":7,"minecraft:oak_button":2,"alexscaves:spawn_egg_raycat":1,"minecraft:wooden_sword":16,"minecraft:dirt":28,"minecraft:crafting_table":1,"minecraft:stripped_oak_wood":1,"iceandfire:dragonbone_sword_lightning":48,"minecraft:egg":1,"minecraft:stripped_oak_log":14},"minecraft:crafted":{"minecraft:wooden_sword":1,"minecraft:oak_planks":256,"minecraft:crafting_table":2,"minecraft:stick":4,"minecraft:spruce_planks":8,"minecraft:oak_button":2},"minecraft:picked_up":{"minecraft:stick":9,"minecraft:feather":2,"minecraft:chicken":2,"minecraft:spruce_sapling":4,"minecraft:spruce_log":14,"minecraft:dirt":2,"minecraft:bone":2,"minecraft:wheat_seeds":2,"minecraft:egg":2},"minecraft:dropped":{"usefulbackpacks:backpack_large":1,"usefulbackpacks:backpack_medium":1,"usefulbackpacks:backpack_small":1},"minecraft:mined":{"minecraft:large_fern":6,"minecraft:spruce_log":3,"minecraft:grass":1,"minecraft:grass_block":1,"minecraft:dirt":1,"minecraft:spruce_leaves":6,"minecraft:fern":5}},"DataVersion":3465}