{"stats":{"minecraft:mined":{"minecraft:iron_ore":2,"minecraft:grass":2,"minecraft:coal_ore":17,"minecraft:grass_block":2,"minecraft:oak_log":18,"minecraft:dirt":3,"minecraft:copper_ore":5,"minecraft:cobblestone":2,"minecraft:stone":61},"minecraft:dropped":{"minecraft:cooked_porkchop":2,"iceandfire:armor_copper_metal_chestplate":1,"minecraft:cobblestone":10,"minecraft:wooden_pickaxe":1},"minecraft:killed":{"minecraft:pig":2},"minecraft:crafted":{"minecraft:oak_planks":72,"minecraft:cooked_porkchop":3,"minecraft:crafting_table":2,"minecraft:stick":4,"minecraft:wooden_pickaxe":1,"iceandfire:armor_copper_metal_chestplate":2,"minecraft:stone_pickaxe":1,"minecraft:stone_sword":1,"minecraft:furnace":2,"minecraft:copper_ingot":17,"minecraft:torch":4,"minecraft:stone_axe":1,"minecraft:air":0},"minecraft:used":{"minecraft:stone_sword":4,"minecraft:stone_pickaxe":84,"minecraft:wooden_pickaxe":3,"minecraft:torch":4,"minecraft:stone_axe":7,"minecraft:dirt":2,"minecraft:cobblestone":4,"minecraft:crafting_table":2,"minecraft:furnace":2,"minecraft:cooked_porkchop":1,"tombstone:gift":2},"minecraft:picked_up":{"minecraft:stick":5,"minecraft:raw_iron":2,"minecraft:porkchop":3,"minecraft:oak_log":18,"minecraft:dirt":5,"minecraft:raw_copper":18,"minecraft:apple":1,"minecraft:wheat_seeds":1,"minecraft:oak_sapling":8,"minecraft:coal":15,"minecraft:cobblestone":59},"minecraft:custom":{"minecraft:time_since_rest":11014,"minecraft:interact_with_furnace":14,"minecraft:sprint_one_cm":18816,"minecraft:damage_taken":523,"minecraft:walk_one_cm":37467,"minecraft:mob_kills":2,"minecraft:drop":4,"minecraft:damage_dealt":200,"minecraft:interact_with_crafting_table":10,"minecraft:fly_one_cm":24167,"minecraft:crouch_one_cm":11166,"minecraft:play_time":17621,"minecraft:deaths":1,"minecraft:sneak_time":3440,"minecraft:jump":236,"minecraft:walk_on_water_one_cm":964,"minecraft:time_since_death":11308,"minecraft:total_world_time":17621,"minecraft:fall_one_cm":5884}},"DataVersion":3120}