{"stats":{"minecraft:mined":{"minecraft:grass":1,"minecraft:spruce_log":3},"minecraft:crafted":{"minecraft:spruce_planks":8},"minecraft:custom":{"minecraft:jump":49,"minecraft:time_since_rest":4205,"minecraft:leave_game":1,"minecraft:damage_dealt":86,"minecraft:crouch_one_cm":557,"minecraft:sprint_one_cm":6457,"minecraft:play_time":4205,"minecraft:damage_taken":185,"minecraft:time_since_death":4205,"minecraft:walk_one_cm":9285,"minecraft:sneak_time":331,"minecraft:total_world_time":4205,"minecraft:fall_one_cm":753,"minecraft:fly_one_cm":7542},"minecraft:picked_up":{"minecraft:spruce_log":3}},"DataVersion":3465}