{"stats":{"minecraft:dropped":{"spartanshields:iron_tower_shield":1,"minecraft:cooked_beef":2,"minecraft:baked_potato":16,"minecraft:cooked_porkchop":2,"iceandfire:armor_copper_metal_chestplate":1,"minecraft:cobblestone":10,"minecraft:copper_ingot":42,"treasure2:stone_key":1,"minecraft:torch":31,"minecraft:sand":298,"minecraft:iron_pickaxe":1,"minecraft:white_wool":2,"usefulbackpacks:backpack_large":1,"minecraft:goat_horn":1,"minecraft:raw_iron":43,"minecraft:light_gray_concrete":2,"cgm:basic_bullet":127,"minecraft:skeleton_skull":1,"minecraft:bundle":1,"minecraft:oak_sapling":8,"spartanshields:copper_tower_shield":1,"minecraft:brown_bed":1,"minecraft:wooden_pickaxe":1},"minecraft:used":{"treasure2:viking_chest":2,"treasure2:pirate_chest":1,"minecraft:stone_sword":360,"iceandfire:armor_copper_metal_leggings":1,"minecraft:stone_shovel":307,"minecraft:chest":18,"minecraft:iron_sword":285,"minecraft:iron_chestplate":1,"minecraft:oak_door":2,"minecraft:torch":174,"iceandfire:silver_ore":1,"iceandfire:armor_copper_metal_boots":1,"minecraft:dirt":139,"minecraft:tuff":22,"minecraft:granite":4,"minecraft:furnace":25,"iceandfire:armor_copper_metal_helmet":1,"tombstone:gift":10,"minecraft:skeleton_skull":2,"minecraft:potato":70,"minecraft:cooked_beef":63,"minecraft:cobbled_deepslate":149,"minecraft:iron_leggings":1,"minecraft:water_bucket":14,"minecraft:diorite":55,"easyhammers:stone_hammer":63,"minecraft:baked_potato":32,"minecraft:stone_pickaxe":918,"cgm:pistol":144,"minecraft:oak_planks":3,"minecraft:wooden_pickaxe":3,"minecraft:sandstone":3,"spartanshields:iron_tower_shield":25,"minecraft:glow_berries":15,"minecraft:sand":2,"minecraft:crafting_table":12,"minecraft:white_bed":1,"minecraft:light_gray_concrete_powder":1,"minecraft:dripstone_block":7,"minecraft:shears":40,"minecraft:apple":1,"minecraft:iron_pickaxe":1091,"iceandfire:graveyard_soil":1,"spartanshields:copper_tower_shield":91,"minecraft:gravel":2,"minecraft:stone_axe":178,"minecraft:cobblestone":275,"iceandfire:dragon_skull_fire":1,"minecraft:porkchop":2,"minecraft:cooked_porkchop":1,"minecraft:andesite":127,"minecraft:bucket":15,"minecraft:cobweb":14,"minecraft:bone_meal":180},"minecraft:broken":{"spartanshields:copper_tower_shield":1,"minecraft:stone_sword":2,"minecraft:stone_pickaxe":7,"iceandfire:armor_copper_metal_leggings":1,"minecraft:stone_axe":1,"minecraft:iron_sword":1,"minecraft:iron_pickaxe":4,"minecraft:stone_shovel":2,"iceandfire:armor_copper_metal_helmet":1},"minecraft:custom":{"minecraft:mob_kills":178,"minecraft:interact_with_crafting_table":78,"minecraft:leave_game":7,"minecraft:time_since_death":65987,"minecraft:climb_one_cm":630,"minecraft:sprint_one_cm":831414,"minecraft:walk_one_cm":991953,"minecraft:damage_blocked_by_shield":2480,"minecraft:drop":32,"minecraft:play_time":474375,"minecraft:sneak_time":57184,"minecraft:deaths":4,"minecraft:walk_under_water_one_cm":16694,"minecraft:jump":7507,"minecraft:walk_on_water_one_cm":77612,"minecraft:total_world_time":474375,"minecraft:interact_with_furnace":123,"tombstone:raider_killed":5,"minecraft:sleep_in_bed":9,"minecraft:time_since_rest":53343,"minecraft:damage_taken":7157,"minecraft:trigger_trapped_chest":3,"minecraft:damage_dealt":28571,"minecraft:swim_one_cm":36527,"minecraft:fly_one_cm":1357336,"minecraft:open_chest":284,"minecraft:crouch_one_cm":140803,"tombstone:undead_killed":79,"minecraft:fall_one_cm":190635},"minecraft:picked_up":{"minecraft:iron_chestplate":1,"minecraft:crafting_table":4,"cgm:basic_bullet":597,"minecraft:chicken":15,"minecraft:clay_ball":1,"treasure2:viking_chest":2,"minecraft:leather_leggings":1,"minecraft:wither_rose":1,"minecraft:brewing_stand":1,"minecraft:brick":1,"minecraft:amethyst_block":5,"minecraft:cornflower":1,"minecraft:string":32,"minecraft:raw_copper":627,"cgm:weighted_stock":1,"iceandfire:graveyard_soil":1,"minecraft:cobbled_deepslate":268,"treasure2:stone_key":2,"unusualprehistory:paleo_fossil":6,"treasure2:ruby":1,"minecraft:beef":87,"minecraft:calcite":9,"unusualprehistory:plant_fossil_item":29,"minecraft:poppy":2,"minecraft:iron_pickaxe":2,"minecraft:sugar_cane":7,"minecraft:chest":4,"minecraft:furnace":7,"minecraft:iron_boots":1,"minecraft:egg":3,"treasure2:copper_short_sword":1,"unusualprehistory:tar_fossil_item":7,"minecraft:stick":42,"minecraft:raw_iron":205,"minecraft:sandstone":6,"iceandfire:armor_copper_metal_leggings":1,"minecraft:copper_ingot":28,"treasure2:pilferers_lock_pick":1,"minecraft:torch":165,"iceandfire:silver_ore":15,"minecraft:porkchop":12,"minecraft:pointed_dripstone":8,"tombstone:grave_dust":19,"minecraft:diorite":128,"iceandfire:armor_copper_metal_boots":1,"minecraft:redstone":14,"minecraft:goat_horn":1,"minecraft:arrow":24,"minecraft:rotten_flesh":44,"minecraft:cooked_cod":2,"minecraft:saddle":1,"iceandfire:deepslate_silver_ore":13,"minecraft:mutton":21,"minecraft:skeleton_skull":4,"minecraft:white_wool":56,"alexsmobs:lobster_tail":1,"minecraft:cobblestone":1105,"minecraft:oxeye_daisy":2,"treasure2:chipped_copper_short_sword":1,"minecraft:feather":21,"minecraft:cooked_beef":16,"minecraft:glow_ink_sac":1,"minecraft:andesite":295,"minecraft:brown_wool":1,"minecraft:leather":12,"minecraft:music_disc_stal":1,"minecraft:potato":196,"alexsmobs:bison_fur":14,"minecraft:tuff":26,"minecraft:oak_log":113,"iceandfire:ectoplasm":6,"minecraft:golden_boots":1,"minecraft:gunpowder":15,"iceandfire:armor_copper_metal_helmet":1,"alexsmobs:rocky_shell":1,"minecraft:lapis_lazuli":192,"minecraft:dirt":182,"tombstone:gift":1,"minecraft:light_gray_concrete_powder":1,"minecraft:bone":21,"minecraft:apple":4,"minecraft:stonecutter":1,"minecraft:bow":3,"minecraft:wheat_seeds":16,"minecraft:raw_gold":45,"minecraft:iron_ingot":64,"minecraft:stone_pickaxe":1,"minecraft:oak_planks":17,"minecraft:smooth_basalt":12,"minecraft:pumpkin":15,"minecraft:sweet_berries":40,"minecraft:amethyst_shard":8,"minecraft:dandelion":1,"minecraft:dripstone_block":7,"cgm:specialised_grip":1,"minecraft:gravel":23,"minecraft:sand":316,"minecraft:spruce_sapling":1,"minecraft:white_bed":1,"minecraft:spider_eye":6,"treasure2:copper_coin":2,"minecraft:bundle":2,"cgm:pistol":1,"minecraft:light_gray_concrete":2,"minecraft:diamond":3,"minecraft:iron_helmet":1,"minecraft:granite":33,"treasure2:sapphire":2,"minecraft:bone_meal":166,"minecraft:golden_apple":5,"alexsmobs:maggot":3,"minecraft:oak_sapling":46,"minecraft:black_wool":2,"minecraft:coal":197,"unusualprehistory:mezo_fossil":2},"minecraft:killed_by":{"iceandfire:cyclops":1,"minecraft:creeper":2},"minecraft:killed":{"alexsmobs:lobster":1,"minecraft:cave_spider":3,"mca:male_zombie_villager":1,"minecraft:spider":10,"alexsmobs:seagull":1,"minecraft:skeleton":23,"alexsmobs:blue_jay":1,"minecraft:chicken":15,"alexsmobs:bison":10,"alexsmobs:rocky_roller":1,"treasure2:bound_soul":1,"minecraft:pig":6,"minecraft:iron_golem":1,"minecraft:bat":1,"minecraft:creeper":19,"minecraft:sheep":13,"minecraft:pillager":5,"minecraft:zombie":39,"iceandfire:ghost":15,"unusualprehistory:sludge":1,"alexsmobs:fly":2,"alexsmobs:crow":1,"minecraft:cow":10},"minecraft:mined":{"minecraft:tuff":26,"iceandfire:graveyard_soil":1,"iceandfire:silver_ore":13,"minecraft:deepslate_diamond_ore":3,"minecraft:brewing_stand":1,"minecraft:glow_lichen":1,"minecraft:granite":24,"minecraft:budding_amethyst":2,"treasure2:deepslate_ruby_ore":1,"minecraft:grass_block":29,"unusualprehistory:deepslate_fossil":6,"unusualprehistory:plant_fossil":20,"iceandfire:deepslate_silver_ore":13,"minecraft:spruce_leaves":9,"minecraft:oxeye_daisy":3,"minecraft:sandstone":6,"minecraft:large_fern":7,"minecraft:furnace":7,"minecraft:iron_ore":111,"minecraft:cobbled_deepslate":9,"minecraft:andesite":206,"minecraft:pumpkin":15,"minecraft:deepslate_lapis_ore":21,"minecraft:pointed_dripstone":4,"minecraft:potatoes":2,"minecraft:deepslate_iron_ore":69,"minecraft:vine":3,"minecraft:stone":717,"unusualprehistory:stone_tar_fossil":3,"minecraft:white_wool":40,"minecraft:deepslate_redstone_ore":3,"unusualprehistory:deepslate_plant_fossil":9,"minecraft:medium_amethyst_bud":1,"minecraft:amethyst_cluster":2,"minecraft:cornflower":1,"minecraft:crafting_table":4,"minecraft:torch":4,"minecraft:calcite":9,"minecraft:poppy":2,"minecraft:chest":4,"minecraft:copper_ore":174,"minecraft:tall_grass":26,"minecraft:cobblestone":6,"minecraft:lapis_ore":6,"minecraft:deepslate_coal_ore":4,"treasure2:viking_chest":2,"minecraft:deepslate_gold_ore":41,"minecraft:oak_planks":17,"minecraft:sugar_cane":3,"minecraft:diorite":124,"minecraft:wall_torch":13,"minecraft:amethyst_block":5,"minecraft:deepslate_copper_ore":3,"minecraft:skeleton_skull":4,"minecraft:sweet_berry_bush":16,"unusualprehistory:stone_fossil":2,"minecraft:birch_leaves":3,"unusualprehistory:tar":6,"minecraft:wither_rose":1,"minecraft:grass":75,"minecraft:coal_ore":136,"minecraft:oak_log":113,"minecraft:dripstone_block":7,"minecraft:gravel":10,"minecraft:dirt":56,"minecraft:sand":316,"minecraft:smooth_basalt":12,"treasure2:deepslate_sapphire_ore":2,"minecraft:cobweb":24,"minecraft:stonecutter":1,"minecraft:gold_ore":4,"unusualprehistory:splattered_tar":2,"minecraft:oak_leaves":13,"minecraft:deepslate":252,"minecraft:fern":1},"minecraft:crafted":{"minecraft:oak_door":3,"minecraft:oak_planks":332,"minecraft:stone_shovel":3,"minecraft:cooked_chicken":10,"spartanshields:wooden_tower_shield":4,"usefulbackpacks:backpack_small":2,"minecraft:furnace":27,"minecraft:bone_meal":30,"minecraft:pink_dye":2,"minecraft:leather":22,"spartanshields:copper_tower_shield":2,"iceandfire:armor_copper_metal_chestplate":2,"minecraft:stone_pickaxe":6,"minecraft:chest":14,"usefulbackpacks:backpack_medium":2,"minecraft:cooked_beef":83,"minecraft:red_dye":1,"minecraft:cooked_porkchop":3,"minecraft:crafting_table":9,"spartanshields:iron_tower_shield":2,"minecraft:wooden_pickaxe":1,"minecraft:baked_potato":174,"minecraft:iron_sword":2,"minecraft:brown_bed":1,"minecraft:copper_ingot":81,"minecraft:bucket":1,"minecraft:stone_axe":2,"minecraft:air":0,"minecraft:blue_dye":1,"minecraft:white_wool":4,"minecraft:white_dye":6,"minecraft:stick":44,"minecraft:brown_wool":3,"usefulbackpacks:backpack_large":2,"minecraft:iron_ingot":126,"minecraft:iron_pickaxe":2,"minecraft:stone_sword":3,"minecraft:iron_leggings":1,"easyhammers:stone_hammer":1,"minecraft:light_gray_dye":1,"minecraft:white_bed":1,"minecraft:torch":48,"minecraft:shears":2}},"DataVersion":3120}